,0,0,0,0,0,0,0,0,0,0,0,0,0,0,0,0,0,0,0,0,0,0,0,0,0,0,0,0,0,0,1,1,1,1,1,1,1,1,1,1,1,1,1,1,1,1,1,1,1,1,1,1,1,1,1,1,1,1,1,1,2,2,2,2,2,2,2,2,2,2,2,2,2,2,2,2,2,2,2,2,2,2,2,2,2,2,2,2,2,2,3,3,3,3,3,3,3,3,3,3,3,3,3,3,3,3,3,3,3,3,3,3,3,3,3,3,3,3,3,3,4,4,4,4,4,4,4,4,4,4,4,4,4,4,4,4,4,4,4,4,4,4,4,4,4,4,4,4,4,4
,N102_NorthWest,N102_SouthEast,N104_NorthEast,N104_SouthWest,N105_NorthWest,N105_SouthEast,N107_NorthWest,N107_SouthEast,N108_NorthEast,N108_SouthWest,N109_NorthEast,N109_SouthWest,N110_NorthWest,N110_SouthEast,N111_NorthWest,N111_SouthEast,N1_NorthWest,N1_SouthEast,N204_NorthEast,N204_SouthWest,N206_NorthEast,N206_SouthWest,N207_NorthEast,N207_SouthWest,N209_NorthWest,N209_SouthEast,N210_NorthEast,N210_SouthWest,N2_NorthEast,N2_SouthWest,N102_NorthWest,N102_SouthEast,N104_NorthEast,N104_SouthWest,N105_NorthWest,N105_SouthEast,N107_NorthWest,N107_SouthEast,N108_NorthEast,N108_SouthWest,N109_NorthEast,N109_SouthWest,N110_NorthWest,N110_SouthEast,N111_NorthWest,N111_SouthEast,N1_NorthWest,N1_SouthEast,N204_NorthEast,N204_SouthWest,N206_NorthEast,N206_SouthWest,N207_NorthEast,N207_SouthWest,N209_NorthWest,N209_SouthEast,N210_NorthEast,N210_SouthWest,N2_NorthEast,N2_SouthWest,N102_NorthWest,N102_SouthEast,N104_NorthEast,N104_SouthWest,N105_NorthWest,N105_SouthEast,N107_NorthWest,N107_SouthEast,N108_NorthEast,N108_SouthWest,N109_NorthEast,N109_SouthWest,N110_NorthWest,N110_SouthEast,N111_NorthWest,N111_SouthEast,N1_NorthWest,N1_SouthEast,N204_NorthEast,N204_SouthWest,N206_NorthEast,N206_SouthWest,N207_NorthEast,N207_SouthWest,N209_NorthWest,N209_SouthEast,N210_NorthEast,N210_SouthWest,N2_NorthEast,N2_SouthWest,N102_NorthWest,N102_SouthEast,N104_NorthEast,N104_SouthWest,N105_NorthWest,N105_SouthEast,N107_NorthWest,N107_SouthEast,N108_NorthEast,N108_SouthWest,N109_NorthEast,N109_SouthWest,N110_NorthWest,N110_SouthEast,N111_NorthWest,N111_SouthEast,N1_NorthWest,N1_SouthEast,N204_NorthEast,N204_SouthWest,N206_NorthEast,N206_SouthWest,N207_NorthEast,N207_SouthWest,N209_NorthWest,N209_SouthEast,N210_NorthEast,N210_SouthWest,N2_NorthEast,N2_SouthWest,N102_NorthWest,N102_SouthEast,N104_NorthEast,N104_SouthWest,N105_NorthWest,N105_SouthEast,N107_NorthWest,N107_SouthEast,N108_NorthEast,N108_SouthWest,N109_NorthEast,N109_SouthWest,N110_NorthWest,N110_SouthEast,N111_NorthWest,N111_SouthEast,N1_NorthWest,N1_SouthEast,N204_NorthEast,N204_SouthWest,N206_NorthEast,N206_SouthWest,N207_NorthEast,N207_SouthWest,N209_NorthWest,N209_SouthEast,N210_NorthEast,N210_SouthWest,N2_NorthEast,N2_SouthWest
N102_NorthWest,,1.0,1.0,1.0,1.0,1.0,1.0,1.0,1.0,1.0,1.0,1.0,1.0,1.0,1.0,1.0,1.0,1.0,1.0,1.0,1.0,1.0,1.0,1.0,1.0,1.0,1.0,1.0,1.0,1.0,,1.0340577531785469,1.0256212378453464,1.0281753817282264,1.0,1.0,1.0271237620626306,1.0157467734204406,1.011361607142857,1.0153516160186868,1.0094897312324813,1.007250615388365,1.0101484971799815,1.0095298867732465,1.0191915093671309,1.0170525513088524,1.0,1.0231216747053853,1.0338196286472148,1.0,1.0,1.0,1.0032761218438506,1.0,1.0,1.0,1.0,1.0,1.0,1.0,,1.177196082131156,1.1703268889008562,1.203040209218699,1.1752566084096223,1.2383110755240356,1.170523138832998,1.1249824188054574,1.1206735637244112,1.1298876275656462,1.1353040914680252,1.1458444090023039,1.129984544049459,1.13442962486832,1.1567019400352734,1.1416878960088837,1.2196228216758176,1.2342526450725944,1.1264787414868982,1.0637189379670697,1.065002874113815,1.060987650409981,1.0834250347432102,1.0398735581188998,1.0677891029692168,1.070634545208812,1.0607881857989183,1.061102440232875,1.0487464940668825,1.212809917355372,,1.7189630276369252,1.691617012533388,1.7471575279662572,1.4292823789628901,1.5799766286060233,1.6908800871527507,1.6297809229746403,1.6188761002031145,1.6380574701790829,1.5630623182736552,1.5618534878406072,1.5050978260869565,1.5150015929236709,1.6471962158236666,1.6368828880906177,1.5530755152383227,1.6945094831302168,1.4336620644312952,1.3787618290832913,1.3149770430567753,1.3060794908343554,1.3625819314641745,1.2629483395815053,1.2912447342295206,1.3085649840874214,1.2933997397586037,1.3051265182186236,1.291760348583878,1.507830211191982,,3.4946853892641307,3.259996932672154,3.214389509126351,2.7386641788050237,3.053181818181818,3.064474520735524,2.934427866284766,2.950717936237527,3.0512757890819433,2.9667902036141616,2.963586438821592,2.891749429853601,2.920951852732219,2.9496162829496164,2.975903926288273,3.120191352241433,3.2137697754450247,2.871914602251681,2.6302180883146566,2.4796839601907057,2.464778205276121,2.63470760191812,2.4100549736275165,2.53580522371486,2.527184735794007,2.4965697417277806,2.4690153339247245,2.507973941368078,3.263620986408689
N102_SouthEast,1.0,,1.0,1.0,1.0,1.0,1.0,1.0,1.0,1.0,1.0,1.0,1.0,1.0,1.0,1.0,1.0,1.0,1.0,1.0,1.0,1.0,1.0,1.0,1.0,1.0,1.0,1.0,1.0,1.0,1.037386243934449,,1.0,1.0156836234578333,1.0,1.0,1.026763408500639,1.0,1.0,1.0,1.0,1.0,1.0,1.0,1.0,1.0,1.0,1.0190771662981255,1.0305057051069015,1.0176744263055069,1.0092123287671233,1.0104527968720438,1.0134988716996196,1.0111142178107089,1.0094173545950196,1.010473325813594,1.007215599012474,1.0081627513760476,1.0078527439638552,1.0,1.17267635360013,,1.1426093850651602,1.1968589177755942,1.1968936011904763,1.2761369065716892,1.1442718667237717,1.111029411764706,1.1017539658784796,1.1187701671483843,1.130809756097561,1.1228394095863976,1.1207109314825703,1.111906642098798,1.137674418604651,1.1163494713411242,1.2215221915958823,1.2408227539482666,1.1493449534534959,1.1087371895084246,1.0876280991735536,1.0927312243419463,1.1122991064380663,1.0784659117386644,1.1007820969490476,1.0936135348818157,1.08846301321378,1.092237355798867,1.0815784063206744,1.2729375057355234,1.7213641065886633,,1.6432078559738135,1.7372911482403128,1.5309592435275081,1.786463141913379,1.6827368354047647,1.5545037292025243,1.588826948019555,1.5986229528789235,1.4894936633189861,1.4977661529761064,1.453512431880109,1.4766955527471868,1.6041405820977486,1.5813760000000001,1.7141044862184291,1.6902008520998173,1.547828921262967,1.5702124058559703,1.4396265377855888,1.397693697941223,1.4456688706338077,1.3820085356094958,1.4099281099281098,1.4015214815738606,1.3936731950844854,1.400860767139837,1.3677339970162157,1.760080131123657,3.526453130455556,,2.647338054025701,2.8616368330170454,2.739888168896321,3.3575686608473494,2.8148910058889482,2.6186168188736683,2.7727283850916478,2.8114096342762456,2.7556266111441605,2.793603806661658,2.701282307980256,2.7474531815089343,2.570625358577166,2.5530190796857464,3.2671334980973676,3.1800899215135923,3.0949734661829207,3.0604498670624887,2.752090032154341,2.7303048957745513,2.8655564997088856,2.730642143935808,2.7639576787204203,2.7685565365386657,2.731413118131868,2.7166426287554466,2.7160694461163946,3.3506365579407116
N104_NorthEast,1.0,1.0,,1.0,1.0,1.0,1.0,1.0,1.0,1.0,1.0,1.0,1.0,1.0,1.0,1.0,1.0,1.0,1.0,1.0,1.0,1.0,1.0,1.0,1.0,1.0,1.0,1.0,1.0,1.0,1.019440149293522,1.0,,1.0315090050708167,1.0,1.0,1.0351554301438866,1.0,1.0,1.0,1.0,1.0,1.0,1.0,1.0,1.0,1.0,1.0197929849504457,1.0230659963822397,1.016075275630465,1.0080122860223226,1.007555337744017,1.0091488458694997,1.0117993473605493,1.0072312469407734,1.0094513654116304,1.0081503119477804,1.0073564079096986,1.0079561648609459,1.0,1.168196274420718,1.1318437407517015,,1.2585264669512146,1.1836445953593662,1.2189339418407348,1.1553738168940524,1.0863448944943004,1.0801110433794092,1.1015289525048797,1.1164016048726253,1.1158324199244916,1.1179607290257296,1.1020244636316066,1.0843785430839004,1.126133419689119,1.213827528831258,1.2430026221111043,1.1451952391802016,1.1263071895424837,1.1007643826638318,1.1055693453304374,1.1058783395575984,1.0851676939085888,1.0992030714635341,1.0993592500215017,1.097558276267552,1.0937046004842614,1.0915809289495264,1.2047175047175047,1.7033393548387097,1.6572257028944235,,1.8320826212943013,1.5598141373831431,1.735102067956646,1.6782287735570043,1.5166034555415087,1.552493050215887,1.5944033656297807,1.4653561625287723,1.4663756704325002,1.4177818037828778,1.4294127545010937,1.5582919426048567,1.5426487635239567,1.7062045306677707,1.6835130715308084,1.5703124082102617,1.5731999481999484,1.44797586289406,1.4446754729288975,1.4797840349917988,1.431350907157359,1.4425423716006376,1.4404234238932054,1.428112173139298,1.4271156449156843,1.4062244754259963,1.6943890954780245,3.249454753068798,2.6418142525827535,,2.8709991086621827,2.7772644879714203,3.1095970970970974,2.759198696825377,2.521368504460292,2.8030384567620152,2.7947675665910143,2.792807177615572,2.8225189435738987,2.700753640800486,2.7448554421768705,2.436650028935185,2.467225161669606,3.030627698854747,3.175619322727498,3.052583036668899,3.0140719348910476,2.754006643526294,2.730678163132858,2.832111138907999,2.7186540875749983,2.744246968996186,2.7337329679531095,2.715606782682452,2.6893926724918824,2.7335040253574214,3.095551702872834
N104_SouthWest,1.0,1.0,1.0,,1.0,1.0,1.0,1.0,1.0,1.0,1.0,1.0,1.0,1.0,1.0,1.0,1.0,1.0,1.0,1.0,1.0,1.0,1.0,1.0,1.0,1.0,1.0,1.0,1.0,1.0,1.028150572831424,1.0146273006962812,1.0321466009240208,,1.0070410956945666,1.0075819255037655,1.037467700258398,1.0113285675221688,1.006687675070028,1.0062441632638115,1.0054176745419,1.0057939451218887,1.0038779154112265,1.004384298512238,1.0111678995151816,1.0117136088444327,1.0071637426900584,1.0222581053698074,1.0298460011849768,1.0193003481139076,1.0095766967046853,1.0092509077453224,1.0143527527368517,1.0154597752944003,1.01041024448914,1.011539927857122,1.0118921064671529,1.0119642120833305,1.0082324396383922,1.010746182656295,1.195128247834777,1.1952771169266014,1.261368818140364,,1.2074280542986426,1.252636094956621,1.1883741082584338,1.135299853729888,1.1177586659663865,1.1570140875479031,1.133488230575609,1.1410924000275458,1.1314079048855277,1.1312490486174878,1.173108768528616,1.1653621417597175,1.2241355099175004,1.2512706368957902,1.1626003882312639,1.1442760455833865,1.116193640095191,1.1144611257287316,1.1205718235304034,1.1115329201637434,1.1120397034069252,1.1198136724691568,1.1112988656684004,1.116603512533187,1.1007841321433651,1.2363335723962068,1.76561062851303,1.7336711514939718,1.8132033008252064,,1.6147426764157886,1.751378840306176,1.7318842037498994,1.6462864426325692,1.6351026649191789,1.6523969072164948,1.514613411137381,1.524155105344816,1.4647966536609371,1.490950990325208,1.6545301946365054,1.6682426899812461,1.7658263305322128,1.7027262049961602,1.612156993798968,1.6060355518809424,1.4718125535639244,1.497844683998028,1.5087475345167651,1.455477380271652,1.470234821239687,1.5002598067915691,1.4672610339123737,1.457634310540282,1.4437379102175174,1.7515338557066824,3.2025931928687195,2.792596531553939,2.877005956219887,,2.8282748256203343,3.1513266145619085,2.8361574357405144,2.663645582456585,2.8604554449766253,2.8567825540515295,2.8353651511819105,2.815514469453376,2.744906409642401,2.815716338763063,2.635756419153366,2.644935011347225,3.051551724137931,3.175477148881404,3.0881510223119784,3.046425191430784,2.7592689748739354,2.739628163492102,2.836285004680532,2.735392620547128,2.761435988919346,2.803492543792452,2.75055551791884,2.7458629296794315,2.7603615896298823,3.1031682016844555
N105_NorthWest,1.0,1.0,1.0,1.0,,1.0,1.0,1.0,1.0,1.0,1.0,1.0,1.0,1.0,1.0,1.0,1.0,1.0,1.0,1.0,1.0,1.0,1.0,1.0,1.0,1.0,1.0,1.0,1.0,1.0,1.0,1.0,1.0,1.0075675958028898,,1.0,1.0105015706588445,1.0,1.0,1.0,1.0,1.0,1.0,1.0,1.0,1.0,1.0,1.0160501686283538,1.0129603336587099,1.0,1.0,1.0,1.0018410022792006,1.0,1.0,1.0,1.0,1.0,1.0,1.0,1.130579608001074,1.1691360008570357,1.1730165064393252,1.20648546709201,,1.042896174863388,1.1789466502933552,1.138519783238067,1.135051605139396,1.1414687455032648,1.1481855437429471,1.141849619270273,1.1381276170495023,1.1275254003183819,1.1576336655674535,1.1465213618498291,1.0,1.2282163261643386,1.144238395923341,1.1179337231968811,1.1000043325410973,1.1036092319226032,1.1035490981062481,1.0949443389934848,1.0958403559630554,1.1000479905495533,1.0935353402279164,1.0907604740335213,1.0842540691688085,1.0,1.43742673992674,1.5257981992757235,1.5664103329849184,1.6113055000885437,,1.0992737290257952,1.6023031434796142,1.5415448343079923,1.5650992818360692,1.56874921565373,1.4915445146396258,1.4911160998832402,1.4758770822462732,1.474579051559233,1.5593078243757468,1.5399552204339402,1.0465044339038978,1.6457436072660236,1.4204751031878458,1.407512997656902,1.3532851737186102,1.3414713416633919,1.3747701994668629,1.315385431400283,1.3561500999001,1.3327871883307727,1.3463142572588676,1.3454595452892284,1.3288271489837777,1.0501432664756447,2.7929698506621583,2.829019805671923,2.8025537348371996,2.8603740238904,,1.789081225033289,2.8106070074574014,2.6946222024502084,2.813932896942099,2.8061037885584157,2.78285819065025,2.7930767259005798,2.7438123511339705,2.761989815307441,2.688589716408719,2.6846171765802147,1.7150641025641027,3.0714461263755553,2.831452180853561,2.7203065134099615,2.5691776468691008,2.600277028052964,2.6676690724405243,2.5626020995212864,2.5847497611084567,2.6156033393918854,2.582409768915681,2.5820247871109236,2.5951673229426024,1.7263216783216782
N105_SouthEast,1.0,1.0,1.0,1.0,1.0,,1.0,1.0,1.0,1.0,1.0,1.0,1.0,1.0,1.0,1.0,1.0,1.0,1.0,1.0,1.0,1.0,1.0,1.0,1.0,1.0,1.0,1.0,1.0,1.0,1.0,1.0,1.0,1.0078810529736757,1.0,,1.0155980974517906,1.0,1.0,1.0,1.0,1.0,1.0,1.0,1.0,1.0,1.0,1.0183303738943983,1.0157299192520186,1.0,1.0,1.0,1.0030247916827904,1.0,1.0,1.0,1.0,1.0,1.0,1.0,1.222345433622764,1.29140866873065,1.2198141031370096,1.2362879767291532,1.0435146443514645,,1.2050909914361,1.1607865456007436,1.1411391617957967,1.1555919808346993,1.1510955943474648,1.1449751861042183,1.143027360988526,1.1454727773650528,1.1783965579929705,1.1724583902433128,1.0,1.2324446580063626,1.1663019451812555,1.1417366208820816,1.1167878243349942,1.1108735759110129,1.1190695719805308,1.0960349409319334,1.1138757489750868,1.1184077736106375,1.0957047263081747,1.1116814257557672,1.0970264027534788,1.0,1.5346017618744892,1.8144572596539894,1.7197884748443215,1.7773319882042524,1.099626400996264,,1.6970046773806668,1.6436857841223318,1.6410737359843275,1.6499741541582547,1.557599105684066,1.5502933298276174,1.4978344471062917,1.5223037373342554,1.6702039893015397,1.6639647359894818,1.1156512605042017,1.6766280575287817,1.518619356187291,1.4899631574437875,1.3957973008385745,1.395791856351209,1.4333433966061613,1.3715146040349293,1.3772877223178428,1.390651063720584,1.3721674577096266,1.3717305319115274,1.3557479106259596,1.136374521072797,3.110737181255448,3.443986024382991,3.1500300163537376,3.1425656902437087,1.805807024217066,,2.995505999299352,2.8943754491555875,2.957600975076703,2.9769884791467525,2.958410889203504,2.940736206662733,2.83064654643602,2.8650758369935905,2.884130375899118,2.868489016213431,1.735704037712646,3.184051840518405,2.980099110260164,2.8763047014074767,2.672169811320755,2.688653415822035,2.7439592179164505,2.6426219242272104,2.6872462919594065,2.6514870694501105,2.6678326474622773,2.619903200191583,2.704564578444618,1.7828654188948307
N107_NorthWest,1.0,1.0,1.0,1.0,1.0,1.0,,1.0,1.0,1.0,1.0,1.0,1.0,1.0,1.0,1.0,1.0,1.0,1.0,1.0,1.0,1.0,1.0,1.0,1.0,1.0,1.0,1.0,1.0,1.0,1.0293670305858822,1.0182089034161579,1.0285674936549472,1.0275936859862633,1.0131667967733542,1.012037037037037,,1.290537084398977,1.0516896515422676,1.0614276960784312,1.0269247849471208,1.025886774723984,1.0192737636046483,1.027986595417082,1.0872082166199812,1.1199224161817678,1.0128773542398848,1.0395965343333764,1.029880697124636,1.0243359040274207,1.0145015275881004,1.0130272674183551,1.0169717138103163,1.0141719430154332,1.0123865065751858,1.0122550385436984,1.0132901600007411,1.0145231181594818,1.0097623911407376,1.0152588080086915,1.1829127543035993,1.1543048283885982,1.1564988387524884,1.1968699722100336,1.1775375375375376,1.1817773421547006,,1.6892822025565388,1.1653580217977264,1.3127340823970037,1.2114216852385127,1.1765458048695043,1.1568704489496568,1.1697714853452559,1.2593015873015871,1.2669770328988206,1.1961347906660111,1.3099725548296213,1.1500479202606861,1.1397232174967034,1.1185952037740794,1.1102460663619989,1.119835842701189,1.1130934780772155,1.112068335504284,1.1249512398996935,1.106962962962963,1.111831230969987,1.1014092777451556,1.1843358244937319,1.6880243207881167,1.6628032452739698,1.6610527864090165,1.744687519588792,1.6090909090909091,1.7033509814049586,,2.812285456187895,1.8179207028610047,2.054613935969868,1.5339877300613496,1.5427769761103094,1.4139745403111739,1.4416678409820407,1.9132776230269266,1.9399578440228848,1.6844234796576052,1.7524506107676068,1.5967946612041921,1.6103521780081724,1.5049403747870527,1.4982467123020464,1.5173735263921833,1.4949161521690404,1.4838779422575203,1.4956863809007055,1.4826452532658345,1.4895721251802845,1.4608523492672572,1.6933019301470589,3.0994234638600835,2.813720601678717,2.729827562202908,2.842762686469937,2.7888286116134218,3.0164737930485965,,4.141018766756032,3.4508916948711272,4.094919495213229,3.118160506758442,3.144879564879565,2.9569306930693067,3.0660734722826697,3.3215823152995925,3.4065083553210203,2.9199506642133572,3.440483929685875,2.988173668862728,2.956624276755314,2.735917785072229,2.7415043151934513,2.7651917462911118,2.763626532083634,2.745488105004102,2.748655211912944,2.7510584333235784,2.744015257469803,2.7492971513684603,2.9636948529411766
N107_SouthEast,1.0,1.0,1.0,1.0,1.0,1.0,1.0,,1.0,1.0,1.0,1.0,1.0,1.0,1.0,1.0,1.0,1.0,1.0,1.0,1.0,1.0,1.0,1.0,1.0,1.0,1.0,1.0,1.0,1.0,1.0179571386467938,1.0,1.0,1.0083962767330226,1.0,1.0,1.2478411053540588,,1.0,1.0,1.0,1.0,1.0,1.0,1.0,1.0,1.0,1.0290391683149342,1.0160690241655446,1.011593951484662,1.0056887366818872,1.0063262942172324,1.008703888334995,1.0074797234801298,1.0079974226315689,1.0045006873434648,1.0059321132155778,1.0058831558831558,1.0067803987878992,1.0,1.1275052490933386,1.1046322378716744,1.0813594867999012,1.1398609638270296,1.150375939849624,1.1725774225774224,1.6890162368672397,,1.086071987480438,1.0626780626780625,1.1186472039473685,1.1204906204906204,1.132088729677597,1.1151651101751816,1.0755707382102981,1.042824822236587,1.1575517532741868,1.2808463438384698,1.1259171422218928,1.1100250626566417,1.0960153000594177,1.100393838613688,1.1002753643830412,1.0877977492242696,1.0988038277511962,1.104880547202855,1.0973010825952003,1.093817736311375,1.0834814280435663,1.1548375764362329,1.6424255820807545,1.5723873873873875,1.5206171854216548,1.6506251935899316,1.5519156346749228,1.6642483410561513,2.942283105022831,,1.6168571053322827,1.6768702404061522,1.3549376370614035,1.3778934564058531,1.3578889210450158,1.3033626649905719,1.4461225931814166,1.4328789450288932,1.6222809828028797,1.6935126990375609,1.5519059366544643,1.561904761904762,1.4568194444444444,1.45563608535158,1.4946614957387725,1.4484263665763943,1.4552797202797203,1.462202421046554,1.4589555024637897,1.4265766912825737,1.4352018205773147,1.6073885405781956,2.9751053236307925,2.623393316195373,2.6153697251258228,2.6987494824016562,2.6888730836099257,2.8716222765506023,4.634305923961096,,3.1211378927428313,3.55029835029835,3.0091196661731052,2.976173432866346,2.8232946788880717,2.840265960799143,2.592245989304813,2.6938295936931476,2.804320416083847,3.3724213724213725,2.9347823280313987,2.8395563585265484,2.704267043592265,2.683942052642318,2.784238779263383,2.6834447459571558,2.7056889331598635,2.682757424105231,2.711380308880309,2.6939700876164965,2.672180882684542,2.855429952608636
N108_NorthEast,1.0,1.0,1.0,1.0,1.0,1.0,1.0,1.0,,1.0,1.0,1.0,1.0,1.0,1.0,1.0,1.0,1.0,1.0,1.0,1.0,1.0,1.0,1.0,1.0,1.0,1.0,1.0,1.0,1.0,1.0117933130699088,1.0,1.0,1.0073004201680673,1.0,1.0,1.0480656848994858,1.0,,1.0,1.0,1.0,1.0,1.0,1.0,1.0,1.0,1.0257528848860118,1.0138781344928227,1.0061729574773053,1.0047349985038108,1.005586738365323,1.0064913489201346,1.0064353328575972,1.0061501210653754,1.0048889223460136,1.0056699568507392,1.0044307687363674,1.0061965219246773,1.0,1.1194211502782931,1.1014193262232617,1.086672879776328,1.1310684273709486,1.1380620691644314,1.1603496503496502,1.1823707229225624,1.0776874435411021,,1.0157335069444444,1.097601784718349,1.095942760942761,1.1113933974042565,1.0808391567412357,1.0612269878574225,1.0619135455930708,1.1376103982669554,1.2746302740321878,1.1228580006684454,1.1207965444959664,1.0930404820560624,1.098286337883133,1.100588098807739,1.0885446557558727,1.1010653753026634,1.096816976127321,1.0945359719243517,1.0913970360171574,1.087745674123796,1.141068149357274,1.6270068027210884,1.5852058589850673,1.5734214699731943,1.6089080602655264,1.597477607562665,1.6582284382284385,1.8089124728974095,1.5748777401593652,,1.439732142857143,1.3632913794193915,1.3345135566188198,1.255019776786839,1.3250507824793294,1.5219868517165815,1.5258876523582405,1.6310022378516624,1.6595583787053843,1.5771266367548757,1.5796417124542124,1.4824355208832742,1.4780860945244507,1.5063936175956343,1.4696072518595684,1.4824480143748924,1.4688698821231778,1.4621464171587129,1.497965149604494,1.4461784713885555,1.6556555332779108,3.0137597725657423,2.799472688226914,2.827783745076978,2.8275074735776666,2.8368592480156845,2.9784275184275186,3.419457785642063,3.1224838969404187,,2.561762034514078,2.7646557600545334,2.68753221363192,2.6201975159348,2.682078917972406,3.059778276936454,3.1210614759837556,2.9598875208998328,3.2685856127444204,2.960084010390759,2.894852171637886,2.7100355262682982,2.7411203712573573,2.8167416291854073,2.747285011340484,2.7294962064324864,2.7408523565494214,2.739319358987729,2.710056674625686,2.7140618536632846,2.938915527443379
N108_SouthWest,1.0,1.0,1.0,1.0,1.0,1.0,1.0,1.0,1.0,,1.0,1.0,1.0,1.0,1.0,1.0,1.0,1.0,1.0,1.0,1.0,1.0,1.0,1.0,1.0,1.0,1.0,1.0,1.0,1.0,1.010453954515503,1.0,1.0,1.008892427268311,1.0,1.0,1.071846846846847,1.0,1.0,,1.0,1.0,1.0,1.0,1.0,1.0,1.0,1.027997948868215,1.017921503937253,1.0074235408000418,1.0054074723890503,1.0048789519510803,1.0090606881912831,1.005968574472707,1.0066739435521597,1.007615894039735,1.0056714285714285,1.006057071664303,1.0056354355589625,1.0,1.1286788318410215,1.1131337701230595,1.1069358561034477,1.1524695282054118,1.1602135863787113,1.157261343307855,1.3143696581196582,1.133173496076722,1.022458217270195,,1.1034758376358256,1.1250960984047664,1.1310075126067716,1.1371969872782126,1.1192743180648481,1.0933703575147518,1.1620266657031362,1.3161614492579463,1.1271961184882533,1.1125598741170517,1.1041934389947883,1.1055250279041813,1.1066972322481665,1.0945691414220688,1.1012346908294335,1.108291278164456,1.0994777202072539,1.0959039954666556,1.099620231810832,1.1510978375089873,1.6564915901725417,1.6138250926983322,1.5557288147339605,1.6313120145932947,1.5645849545489527,1.65247668997669,2.0508680555555556,1.6953457755750019,1.4274789029535864,,1.289025392765802,1.2827279672199459,1.2390978784096986,1.234617696678237,1.5990022712524334,1.595782151190948,1.6502211930600676,1.6947649873346469,1.5799892990904227,1.592035059599876,1.492565225323846,1.4793767104359996,1.5022471910112358,1.468115852592387,1.4883353668362531,1.4842455802720704,1.4696526946107784,1.4709550691194173,1.436870243509074,1.651732277610498,2.997092275230302,2.83641105894627,2.7809507620828375,2.845604351002516,2.7795482931718922,3.009064661879675,4.0576923076923075,3.3704251126126126,2.7337837837837835,,2.763758322320026,2.663518299881936,2.5365048073597567,2.693225099065133,3.18073631840796,3.279989630013703,2.9249314531923227,3.3471465955821404,2.964554222236369,2.9679296726943725,2.747727308044941,2.7521294854695495,2.8215416267039046,2.7357666622349943,2.741301258093383,2.744623804267844,2.715458385093168,2.7167648733057432,2.738141091561805,2.9580879971036036
N109_NorthEast,1.0,1.0,1.0,1.0,1.0,1.0,1.0,1.0,1.0,1.0,,1.0,1.0,1.0,1.0,1.0,1.0,1.0,1.0,1.0,1.0,1.0,1.0,1.0,1.0,1.0,1.0,1.0,1.0,1.0,1.0104309467254835,1.0,1.0,1.0036659913524701,1.0,1.0,1.0282665635382424,1.0,1.0,1.0,,1.0,1.0,1.0,1.0,1.0,1.0,1.0452840595697739,1.0141472498090145,1.0056484757906767,1.0093384833520753,1.0050820589332339,1.0061454283021092,1.005047094206422,1.0036695075757576,1.005188533456962,1.004005658551113,1.0049139539705578,1.0044333787311317,1.0,1.1427313245616375,1.127012868885595,1.1093952301427954,1.1264484810523019,1.1442516689954976,1.1472518199450867,1.1662172183644577,1.1107456140350878,1.1016180329863223,1.1584832280019446,,1.0,1.0956757757078526,1.0,1.1154804497827753,1.1278708064422351,1.140470397404704,1.3711508316412948,1.130889724310777,1.1121411138694235,1.1052747498880096,1.0998237873237873,1.1032649013640974,1.0971006963432863,1.1033991228070175,1.0980588982282156,1.1121401889694573,1.1032006068725084,1.0985175026123302,1.1443934243743417,1.555318387401165,1.4933913199426112,1.4825817709774212,1.5403957232395231,1.497200301067421,1.5426666569727285,1.5333540420905492,1.41591124340414,1.3261113874610808,1.2862759499686764,,1.0,1.0830170450624526,1.0,1.40323653291953,1.4138395664281225,1.5409132941153323,1.8825103298787509,1.5150930282292556,1.5017115390528117,1.4441980502475205,1.4617638221153846,1.4801759661432232,1.4466906809772355,1.4499814814814815,1.4358259235745925,1.4426703877790834,1.4497723617748985,1.4241761446485857,1.5468367970660146,2.970069913130076,2.799826550318289,2.7411082499177137,2.8493587438571257,2.7594989081714747,2.9382589721348804,3.139139053608353,2.9535396590066716,2.741738128325933,2.778078187796858,,1.0,2.0,1.9532243415077204,2.9708580505040683,2.9285993904314513,2.928652399911524,3.5997044097934308,2.9141538149350645,2.9013084321180944,2.758600558181922,2.7366370563234677,2.772507742934572,2.75489079756901,2.759319645732689,2.752066641853905,2.765585254372019,2.7243866314637133,2.7387748795976643,2.9065963996604887
N109_SouthWest,1.0,1.0,1.0,1.0,1.0,1.0,1.0,1.0,1.0,1.0,1.0,,1.0,1.0,1.0,1.0,1.0,1.0,1.0,1.0,1.0,1.0,1.0,1.0,1.0,1.0,1.0,1.0,1.0,1.0,1.0078758305511106,1.0,1.0,1.0038032973786641,1.0,1.0,1.0218451928758336,1.0,1.0,1.0,1.0,,1.0,1.0,1.0,1.0,1.0,1.054390531621382,1.0164942255665343,1.0056944444444444,1.004707865630525,1.004910610633852,1.006251403758329,1.004336637438048,1.0070569264051985,1.005899314832941,1.00562319918208,1.0035743007774105,1.0051272522057508,1.0,1.1408072163450744,1.111593838941905,1.1193791321861728,1.1444022215726397,1.1457123891135117,1.1378633061704886,1.190029831998744,1.1372483102728335,1.1047241647241648,1.1087995031768023,1.0,,1.0814597588791137,1.0,1.1283444816053512,1.1284818941504178,1.158392198453832,1.3615406781289021,1.126658479034504,1.114800237006941,1.1010385431141665,1.103947125503083,1.105327741534638,1.0946450253190771,1.1071498680393483,1.1106533496376663,1.10010550870859,1.1031549096065225,1.0937575292958055,1.1510670837678136,1.5700847123719466,1.4886879263842614,1.4569143446852426,1.5073038758081803,1.473751327077257,1.5464425777643924,1.5121296063124319,1.3528417458829831,1.3686710858585858,1.2269012907419445,1.0,,1.072716695753345,1.0,1.410875940328956,1.3937873315738296,1.5283959517914956,1.873673836747418,1.5138346401257607,1.5149128686327078,1.442648260830079,1.4466271984788903,1.4755689900426743,1.4510788569947515,1.4467665443575872,1.447480733447194,1.4400992888360973,1.443031169184701,1.421505797502718,1.5590660895150794,2.946619888335597,2.7555639034977877,2.8007720616131726,2.801301566668947,2.7541658686075463,2.910548272155023,3.103311537650285,2.9566240637669208,2.7740235690235693,2.8154791154791154,1.0,,1.9775140125288493,1.9466638334041648,2.8866144338998017,2.949462768615692,2.9023649208928983,3.5904491900609123,2.9191984095602126,2.8461065395332636,2.8009260671119107,2.7188115636596875,2.793327702702703,2.7538180510070123,2.7340997229916897,2.7430794724347685,2.7590406888494337,2.736691779852858,2.736884659638648,2.9224739126897847
N110_NorthWest,1.0,1.0,1.0,1.0,1.0,1.0,1.0,1.0,1.0,1.0,1.0,1.0,,1.0,1.0,1.0,1.0,1.0,1.0,1.0,1.0,1.0,1.0,1.0,1.0,1.0,1.0,1.0,1.0,1.0,1.0074786534497988,1.0,1.0,1.004627949183303,1.0,1.0,1.021284793573697,1.0,1.0,1.0,1.0,1.0,,1.0,1.0,1.0,1.0,1.0458640458640458,1.0122842194034731,1.005838130423576,1.0038053281081711,1.0050945241199478,1.0075216726160123,1.004363519746718,1.0049679651899819,1.0046144694685262,1.0051091782738275,1.005320537523464,1.0046848733706286,1.0,1.1319534741974806,1.1134204472377467,1.1263782459343246,1.1214577675362796,1.1371233063631723,1.1443124714481498,1.1638293325735451,1.1435670550055146,1.0927830132410832,1.115219387420476,1.0685708339836637,1.0783539094650205,,1.1716015410016511,1.1294566926606977,1.113919413919414,1.149524560021014,1.4047751197942684,1.136270847452024,1.11951560316721,1.1096579476861166,1.105337744906453,1.113213756251731,1.0976318638136335,1.11324248873656,1.109048042007367,1.0978852780217552,1.1088159513255544,1.0957999471691469,1.1424107142857143,1.4984903381642511,1.451117166212534,1.4008981096240976,1.4769821721792165,1.478301006909416,1.5186881771078662,1.4418931254827612,1.3454434315783879,1.3061561258166632,1.2428270042194094,1.0866967371565814,1.0747281888093343,,1.155116764761724,1.3539595384825356,1.3788543757584004,1.5144982078853046,1.8788443978162461,1.4806036929727546,1.495077822221301,1.421109606597974,1.4275691584803851,1.4475515431397783,1.4151059322033899,1.4238875801274151,1.434960086473712,1.4141226997605345,1.4139377042813084,1.4128155851309039,1.5055556774306775,2.897452134024731,2.695903050237984,2.7159338076533905,2.793445858846278,2.699480130214481,2.833850792941702,2.9359930110658126,2.771516817959245,2.619046026224244,2.602525268628639,1.9437253181219833,1.9174675819984746,,1.808285683460999,2.7908167049922112,2.79888415410974,2.8289930555555554,3.612618432385874,2.87924806451298,2.8186490422314328,2.7146168914443556,2.728418336520858,2.750162447230851,2.6987860519510467,2.7276526265590015,2.717544884962141,2.7327544283166922,2.7275033893198763,2.734940307086647,2.818280250533049
N110_SouthEast,1.0,1.0,1.0,1.0,1.0,1.0,1.0,1.0,1.0,1.0,1.0,1.0,1.0,,1.0,1.0,1.0,1.0,1.0,1.0,1.0,1.0,1.0,1.0,1.0,1.0,1.0,1.0,1.0,1.0,1.009001580430152,1.0,1.0,1.004329453628883,1.0,1.0,1.0225917626554495,1.0,1.0,1.0,1.0,1.0,1.0,,1.0,1.0,1.0,1.0536006341370419,1.0133207997065297,1.0069790321588883,1.0050198833163277,1.0055715075999052,1.0074379037394232,1.0063438712892536,1.003197012802276,1.0044206128791688,1.0057603686635945,1.0044838145231845,1.0050838409085394,1.0,1.1227226522793026,1.1139056760279653,1.1169980812837956,1.1271529888551164,1.12681598062954,1.1436323771240635,1.192442519847407,1.0996893726977843,1.0875611840571828,1.117931970213303,1.0,1.0,1.1298759360679558,,1.1219985418969451,1.1086727660107782,1.1420843201134847,1.413822398742646,1.1285652399930688,1.1210845638053275,1.1030500952060933,1.0978275401069517,1.1103896509897586,1.0987711659409771,1.1021912890333945,1.112137583471534,1.0987528061860814,1.1031881276034525,1.0969329999502413,1.1474180721239544,1.530561224489796,1.4717254744720663,1.4342512124467013,1.479185598345502,1.4981735827001754,1.5330346137365165,1.491490634260392,1.3641092689440302,1.3179171656274518,1.2675869156891237,1.0,1.0,1.1575701510946654,,1.353109355879408,1.3631710109786488,1.5047270287647108,1.983336455796332,1.4857381592891499,1.5078242835595776,1.4391081029185868,1.4380286205391248,1.4649704094096054,1.4466554067071682,1.4388569420484314,1.435572475915416,1.4291584223717186,1.427855811372747,1.4103496102156967,1.5233406211926497,2.9616203901918188,2.784294698200638,2.759942438513867,2.819388897776356,2.7768605751893256,2.852304824155029,3.0264644544758585,2.887831018157224,2.6825885551024937,2.693863732543377,1.9378431372549019,1.9191220090963022,1.7920555429091736,,2.8885221855518886,2.8033058045141006,2.842105554601886,3.7015472352601098,2.895256129160853,2.8756116311671867,2.7321689889928105,2.7251825300905614,2.7603714558283845,2.7367158522818897,2.739398881640261,2.7248127576549077,2.7102286453839515,2.7065077371463535,2.724813593758985,2.8857988165680473
N111_NorthWest,1.0,1.0,1.0,1.0,1.0,1.0,1.0,1.0,1.0,1.0,1.0,1.0,1.0,1.0,,1.0,1.0,1.0,1.0,1.0,1.0,1.0,1.0,1.0,1.0,1.0,1.0,1.0,1.0,1.0,1.014154346390286,1.0,1.0,1.0137557634544376,1.0,1.0,1.1064523643139996,1.0,1.0,1.0,1.0,1.0,1.0,1.0,,1.0,1.0,1.0243995912110373,1.0218513670738802,1.0112152661533311,1.005665556918404,1.0087557392102846,1.0086615896358544,1.0077744580106898,1.0067729121168763,1.008181162603715,1.005982036942891,1.0060456668396471,1.0072978409070683,1.0,1.1445612965503225,1.1092282430213465,1.1081386784511784,1.1494378219832286,1.1513724957291505,1.172007462930837,1.2696027633851468,1.0486935866983373,1.0740667674974245,1.1339426896525127,1.099193953254867,1.111806596701649,1.1117129614338717,1.1153188922953208,,1.0,1.1643954826842824,1.2833483577190672,1.129128986197049,1.119436136523575,1.0968086197093831,1.1010925397472482,1.105096396965866,1.0987625748318213,1.0930371003217423,1.1015689103286597,1.102155888787688,1.1031923356861153,1.0906906833908634,1.1745293466223699,1.6477284360092541,1.5350361445783132,1.5676458832933653,1.6247148630444546,1.5589795657025776,1.660407996472777,1.878880407124682,1.4875457359977484,1.5770343091359258,1.623134328358209,1.4208519875186543,1.410616031934405,1.3242522183698655,1.3494419017373436,,1.0,1.6546215848424577,1.7048738788500486,1.555991465828222,1.567191462953969,1.4613197747526105,1.4600402252614642,1.4909031413612566,1.4640840086088602,1.4584392188261504,1.4609981515711645,1.4478647686832742,1.454694932426631,1.4310593722238674,1.6671908467315566,2.9036892643130456,2.535970515970516,2.5146586345381525,2.645501371081301,2.69597072956021,2.8724593791858366,3.34391785150079,2.602072034487554,3.1666000976345803,3.1557003713825242,2.915665064102564,2.9744190404797597,2.8329466890231294,2.8958711316157797,,1.0,2.806025011807709,3.3638676844783713,2.9421324962909376,2.8639566519931523,2.698417467948718,2.700843399025217,2.718105031215571,2.686874914718026,2.6840107580180277,2.693451904463883,2.6603525093171183,2.682086421728079,2.6971512875981136,2.852538833715304
N111_SouthEast,1.0,1.0,1.0,1.0,1.0,1.0,1.0,1.0,1.0,1.0,1.0,1.0,1.0,1.0,1.0,,1.0,1.0,1.0,1.0,1.0,1.0,1.0,1.0,1.0,1.0,1.0,1.0,1.0,1.0,1.0144233664558868,1.0,1.0,1.0107414097857546,1.0,1.0,1.0961931290622098,1.0,1.0,1.0,1.0,1.0,1.0,1.0,1.0,,1.0,1.0238220970486416,1.0203518811640082,1.009919794402553,1.0072355627911183,1.0058391608391608,1.009376130198915,1.007072764302907,1.006838245597646,1.0064628518996264,1.005738537374805,1.0056844506219038,1.005700325732899,1.0,1.1420597235412049,1.1229378531073446,1.085411658653846,1.1556547839620543,1.152708902137776,1.1850537681222517,1.2235627739108017,1.047289504036909,1.0810810810810811,1.1052164917984335,1.1257661257661258,1.124974364232978,1.105397252456076,1.120515542826103,1.0,,1.182649525534512,1.2852843264210407,1.1328685446641273,1.1139451512108025,1.099248526648995,1.0976107811786204,1.1100828507078508,1.0889223851102015,1.0966375057008997,1.1064957730091858,1.0947309714771338,1.096638042626119,1.0900712350452069,1.1864432737074246,1.6444162026950697,1.5769651741293533,1.5724043715846996,1.6629209129306004,1.5669989136856548,1.6465499025661492,1.9500265816055289,1.4697189220515792,1.5588171903961379,1.593363349523168,1.4009328203282863,1.4258998154224773,1.3445816396962955,1.3798401526899677,1.0,,1.6363154558397157,1.6783035585757755,1.5582430849410696,1.5687982728212615,1.4551465201465201,1.441914116034719,1.4815993788819874,1.4488326101714926,1.4676730139942908,1.4696758968469033,1.456467270827848,1.4286266924564797,1.440228013029316,1.640333552775949,2.992115100681682,2.5870889894419307,2.387396080760095,2.656950582563278,2.678484532499131,2.8660527847191317,3.384084084084084,2.6940058683806063,3.0138178719259803,3.183181159664432,2.96229632436529,2.9861477572559365,2.801026081403926,2.8684911278413905,1.0,,2.8202777076495833,3.323358076028322,2.93803850434926,2.9042994325622,2.7169402026544884,2.686040909090909,2.7471501644135916,2.7020758683032553,2.6967447940811065,2.687968700549942,2.6597908703484032,2.6908538270240396,2.683844494267947,2.8919476454687723
N1_NorthWest,1.0,1.0,1.0,1.0,1.0,1.0,1.0,1.0,1.0,1.0,1.0,1.0,1.0,1.0,1.0,1.0,,1.0,1.0,1.0,1.0,1.0,1.0,1.0,1.0,1.0,1.0,1.0,1.0,1.0,1.0,1.0,1.0,1.0089520800421274,1.0,1.0,1.016217585180763,1.0,1.0,1.0,1.0,1.0,1.0,1.0,1.0,1.0,,1.0173092800830026,1.0148404937300923,1.0,1.0,1.0,1.0026966230488574,1.0,1.0,1.0,1.0,1.0,1.0,1.0,1.2164748216147696,1.2576545518289122,1.2160420775805392,1.233470588235294,1.0,1.0,1.1814305212916572,1.156826437870157,1.1337659257251287,1.160736720033502,1.145404147060284,1.146693080930369,1.1371071829405164,1.1368992972675225,1.172051461319806,1.1647686954649337,,1.2433265548019645,1.1667312894293886,1.1503356748490112,1.1119953954883965,1.1061616589081675,1.1177355766561163,1.1047953047973618,1.1081703008580057,1.1090295875269591,1.1024221752083243,1.1070926687745781,1.091754696465845,1.0,1.5597974369574206,1.7311988416417954,1.696194802657288,1.7494054254923819,1.0602947950253339,1.1086216167772,1.691091741079699,1.6153793513453403,1.6330775271273557,1.635552024667275,1.555738202920276,1.5405545330854151,1.5082835429769392,1.5116740373712656,1.6423720322482351,1.631542960531852,,1.6804568204568207,1.491463800937067,1.4927668106947676,1.3905402680051988,1.3951584775086507,1.4200640186235998,1.367100857413823,1.3745989124193603,1.3836381200575127,1.3689779586622641,1.3756393174882882,1.3523735042215876,1.0,3.073968541027043,3.3304562268803943,3.070807065931179,3.1173454593383423,1.6773504273504274,1.7235688499226405,2.9364700762769615,2.819398213322457,2.9275644458043297,2.9257071024512884,2.9146777893639206,2.928884229062641,2.846141938869212,2.8410254932195818,2.829580258509995,2.8388380207594173,,3.1562318043234074,2.983942813881015,2.869272406504154,2.6941145420955395,2.654135097796844,2.750179056200543,2.659413571113873,2.669472993034144,2.683319014217117,2.656712112762725,2.6222413519097314,2.680061593725444,1.0
N1_SouthEast,1.0,1.0,1.0,1.0,1.0,1.0,1.0,1.0,1.0,1.0,1.0,1.0,1.0,1.0,1.0,1.0,1.0,,1.0,1.0,1.0,1.0,1.0,1.0,1.0,1.0,1.0,1.0,1.0,1.0,1.0242531137501552,1.0189219159478193,1.0206413555925025,1.0217489927746146,1.0173127911869528,1.0169911024627907,1.0358740660975365,1.0299840187480638,1.0277656003406899,1.0309497350761616,1.0499533313271754,1.0507142890155243,1.0498808447694963,1.0499560416292675,1.028060262097718,1.028210226207,1.0179664959076724,,1.0240549159655108,1.0172585438113029,1.015719057257625,1.0163016027715925,1.0168042324983015,1.0165001861114935,1.015442381373416,1.0153277672310255,1.0155673036807333,1.0145939070343863,1.0161115514099726,1.018237690646981,1.2291421856639249,1.2351921013274298,1.2374267777544399,1.2488029228454762,1.2325225496788554,1.2507687096101732,1.3106863791263639,1.290917813994737,1.2895082723237448,1.3026787311338501,1.378084657839259,1.3656546571048225,1.3999826517288922,1.416982586074031,1.2746758199847443,1.2852388229487515,1.2420221204004989,,1.2192565337052395,1.2080077951988661,1.1806899433559293,1.1744364429581555,1.1852565725441218,1.1791885249397565,1.1781239693471723,1.1823077587364945,1.171793547175128,1.171977571205163,1.1656317770661273,1.236704062627321,1.684288023230331,1.6864205288453373,1.663912360215911,1.6900181553128883,1.648238419050642,1.688395675993562,1.7561797497414449,1.7068122797660166,1.677947294635813,1.6936811220838701,1.8873096544329422,1.8860866782560561,1.90325333485893,1.9693165969316597,1.7008394345942923,1.7019357454140063,1.6744217902112641,,1.6391974415271766,1.6454845436253887,1.567733802252363,1.5687958838154767,1.5867744961363572,1.5616527447513362,1.5543355119825708,1.5578392721561098,1.5528623265209422,1.5551031203061922,1.5407469864021894,1.6821419251011265,3.205110109838409,3.133373146659722,3.1808769824304766,3.178467661390394,3.069560329695138,3.1580097223783294,3.4479723707664887,3.3914238192906505,3.2957232508147842,3.3761099795080707,3.618254933133826,3.611268825887093,3.6101482420368125,3.72417819121053,3.315626021575678,3.3293329943215526,3.1536226629105886,,3.1253382637196405,3.113793254056738,2.927213837526839,2.967477250240388,2.973579282620621,2.9667400135409614,2.962572669971238,2.9594370090123645,2.9490916119056823,2.9530630727132854,2.945641313592562,3.1757244109971046
N204_NorthEast,1.0,1.0,1.0,1.0,1.0,1.0,1.0,1.0,1.0,1.0,1.0,1.0,1.0,1.0,1.0,1.0,1.0,1.0,,1.0,1.0,1.0,1.0,1.0,1.0,1.0,1.0,1.0,1.0,1.0,1.0238085613808157,1.036080381609662,1.0376834944504116,1.0255077369439072,1.0152638130805323,1.0180259499536608,1.0300375469336671,1.017503981096214,1.0127574071431968,1.0138041733547352,1.0145502645502646,1.01314366607027,1.0121221143519454,1.0081351565596512,1.0204479348458406,1.0226540475231574,1.01178224662715,1.0197250912479614,,1.12223606353161,1.0225988700564972,1.0108234714003945,1.0147058823529411,1.0255286721280243,1.0156785642266586,1.0146809712027103,1.017261904761905,1.0205043011242092,1.0114442168294988,1.0126713050811724,1.1076834557847217,1.1516639107069038,1.1530212084833933,1.1531845813760706,1.1460690218501122,1.16437125748503,1.1421738413326736,1.1236940692275221,1.1197797324266392,1.1274602399174944,1.1329761904761906,1.1379913458427693,1.1343859351272836,1.13599760813235,1.123873736758797,1.1183280070714625,1.1669031815060653,1.223587152652472,,1.2352309344790549,1.1123486682808716,1.103778594771242,1.129604938271605,1.0815826909716477,1.141570307660541,1.1113133151349712,1.0909606266749123,1.0793270406416589,1.0776390550239234,1.16124871001032,1.4271984998241982,1.5355245075584059,1.570416884702599,1.6253256621797656,1.378021978021978,1.491645299145299,1.583752417794971,1.5712952096447244,1.5736016933950419,1.5689479060265576,1.5493477331052181,1.52508462807048,1.4983463004378366,1.5037389735364877,1.5676114822170066,1.5643555367248738,1.5256832362489352,1.6394093792242903,,1.4327321111768185,1.3154971062422487,1.317240518962076,1.4054065934065934,1.2201444963875903,1.286043802423113,1.2819519049885542,1.2768985837848115,1.294325278305729,1.2708817970340214,1.482374607301484,2.842044960689029,3.1375706214689267,3.0539596273291925,3.093983144515059,2.8633516668537435,3.0835664335664337,3.034792211024014,2.931735436893204,2.9623291357227424,2.9974719101123597,2.941735347985348,2.9320775555282856,2.8788592802349906,2.9045298779181836,2.951114087422379,2.951570680628272,3.0332975535578512,3.082017723244717,,3.2253869969040245,2.5690582746143593,2.457573529411765,2.714782608695652,2.470259442344351,2.581411637931035,2.5628767960056305,2.5546829552065153,2.519106721829263,2.562739234449761,3.021250384970742
N204_SouthWest,1.0,1.0,1.0,1.0,1.0,1.0,1.0,1.0,1.0,1.0,1.0,1.0,1.0,1.0,1.0,1.0,1.0,1.0,1.0,,1.0,1.0,1.0,1.0,1.0,1.0,1.0,1.0,1.0,1.0,1.0,1.0185718571857185,1.0162834448160536,1.0176271186440677,1.0,1.0,1.0211426472902787,1.0106641690492624,1.0070126405386521,1.010393372994107,1.0073581185748486,1.0054514742014742,1.0049057329742208,1.0047718047718046,1.0108360624157195,1.0126220491904585,1.0,1.0226912848798004,1.06820305200872,,1.0,1.0,1.0069823922282939,1.0,1.0,1.0,1.0,1.0,1.0,1.0,1.0674311926605504,1.1236968067667694,1.1136679704476313,1.130236451140406,1.1006056111729081,1.1531255884014309,1.1401498526553389,1.1056290417401529,1.1082451291040247,1.1247786463957155,1.1046229003224721,1.1303030303030301,1.121973049074819,1.1149656443774092,1.1193088520674728,1.1124965790914068,1.135791969486109,1.2154477668147925,1.2183235867446394,,1.0712061772214958,1.0511863043603147,1.094412331406551,1.0411169992859022,1.0580319322254808,1.0615482233502538,1.075128664130678,1.0650852272727271,1.043252447850149,1.133865206001429,1.3583541840422575,1.530966926479882,1.5710948560641813,1.6280685416278637,1.388025767336112,1.4827459810441432,1.6347649534164033,1.5704493918779634,1.5804511278195488,1.573846298611391,1.538359724695577,1.5010369053665145,1.488338249754179,1.4855183576113808,1.5674904214559386,1.5788717483363581,1.4589226169943659,1.6354221586201703,1.4887657740843336,,1.2406490649064907,1.2598255542287522,1.3455725840783312,1.183673469387755,1.2573184069999357,1.2678934010152285,1.2432937774232151,1.2858993157380254,1.2324993868040226,1.4785880352991174,2.629937228392081,3.09744813767091,3.013663967611336,3.0785340314136125,2.7048152878293363,2.9200841787178935,2.9499145977467607,2.9394715692184046,2.9370827929834142,2.943998823560867,2.8440701363493255,2.938349844599845,2.8632626921285516,2.867731227106227,2.8808839627805143,2.825154730327144,2.883719814872545,3.153037290517036,3.2376070991432067,,2.3589369463262115,2.4153451995685007,2.5205094991364425,2.2025085034013605,2.373318988703604,2.376602799213638,2.3106432940148536,2.37089800443459,2.5675925925925926,2.8965486647147545
N206_NorthEast,1.0,1.0,1.0,1.0,1.0,1.0,1.0,1.0,1.0,1.0,1.0,1.0,1.0,1.0,1.0,1.0,1.0,1.0,1.0,1.0,,1.0,1.0,1.0,1.0,1.0,1.0,1.0,1.0,1.0,1.0,1.00796875,1.0091080428435604,1.0131726524281113,1.0,1.0,1.0157867029398973,1.005755726575456,1.0053889545815806,1.0087264394461708,1.005842714810791,1.0053804237255517,1.0046092760643917,1.0064139688423004,1.0067142556896655,1.0072584373555247,1.0,1.014834858602664,1.018448630252384,1.0,,1.0,1.0105326417004048,1.0,1.0,1.0,1.0,1.0,1.0,1.0,1.0649364295471262,1.0934871031746032,1.098891697949386,1.1179766243854976,1.0980392156862746,1.107394366197183,1.1135847134652874,1.098170819014891,1.095835101508638,1.0953433130868684,1.1165253329907063,1.1090061885284992,1.1016105688854394,1.10630046859964,1.1020683861592953,1.0971326244605597,1.1105570888668774,1.1833717651520248,1.1068061440677968,1.073464573019802,,1.0,1.1832637524557956,1.1283534625663927,1.0,1.0,1.0,1.0,1.0,1.107918669706264,1.3258172521639826,1.4350703564727953,1.4398203999796102,1.4707387804259635,1.3405108464653754,1.396139571449466,1.496098677451656,1.4707035634118968,1.4782041190193358,1.4899247321013316,1.4442764177931127,1.4586053371177337,1.4371933536396302,1.4337108794475042,1.4598539320761543,1.454543799474217,1.3990407978817618,1.56410297174517,1.2989179782082323,1.2681921387627486,,1.1773138832997987,1.6554906857451404,1.519502627488713,1.334218618954431,1.3815261044176705,1.0535714285714286,1.05201802507837,1.1593595529765741,1.4150215745467765,2.465246353845702,2.7562315789473684,2.736610024681982,2.7740284778985,2.5931732656331588,2.674090876294239,2.7000047832629948,2.672529848927875,2.7493889894349315,2.7328392884032096,2.7208372080301952,2.75249370877407,2.7309871158570207,2.7258425124573824,2.657023090144109,2.6677561954747455,2.7079740774683447,2.9421646237657475,2.5803583344454823,2.3782541186908914,,1.2589285714285714,2.906624880038388,2.676090050459309,1.5961866818440524,1.3882438316400578,2.070059880239521,1.823336457357076,2.7025771018166456,2.7092762457946344
N206_SouthWest,1.0,1.0,1.0,1.0,1.0,1.0,1.0,1.0,1.0,1.0,1.0,1.0,1.0,1.0,1.0,1.0,1.0,1.0,1.0,1.0,1.0,,1.0,1.0,1.0,1.0,1.0,1.0,1.0,1.0,1.0,1.0086755237409792,1.009283204031563,1.0120114627156882,1.0,1.0,1.0125993487977025,1.0083273580601002,1.0071820619765826,1.005490395837229,1.0059379217273954,1.0051618026603137,1.0058935962835913,1.0048484848484849,1.0058444161049371,1.005010909090909,1.0,1.0154196978893286,1.0134,1.0,1.0,,1.0126886738103469,1.0,1.0,1.0,1.0,1.0,1.0,1.0,1.0659906010388325,1.0963091754519583,1.1019445035838478,1.118460764587525,1.0884951001243037,1.1193535825545171,1.1185463684142292,1.1028910449718106,1.0951097849510978,1.1014388190637938,1.0996031746031745,1.1029712521705575,1.1068214326400931,1.1063758097474024,1.101110506260207,1.0946080305927344,1.0954101077050538,1.1754982300585977,1.1084722222222223,1.0734566770470781,1.0,,1.1931661657901327,1.1355781876013091,1.0,1.0,1.0,1.0,1.0,1.0913560422459125,1.3118268233971149,1.425127512751275,1.4507338610924267,1.4813131420099546,1.353959683225342,1.3919841840402587,1.5072147471184854,1.4612104736013736,1.4793359129058088,1.4802985349907303,1.4531615038504802,1.459767603006236,1.433071321089348,1.4393022169150096,1.471431040442447,1.449541759053954,1.3802486126526083,1.5599523889934557,1.3105244996549346,1.2524362411244747,1.1785714285714286,,1.623992736352287,1.5103158306443727,1.2945190872254213,1.3377242789007493,1.1286425017768302,1.1007604562737643,1.1489385227775322,1.3832043201782216,2.5145176246733385,2.73686603354213,2.7307948461794616,2.7872868682071723,2.5816871235667,2.6627772492398383,2.747432755703367,2.704058908045977,2.742687989938617,2.7090186788028663,2.7393758585164836,2.736989878035695,2.6786231522602884,2.7054234176710033,2.6807142857142856,2.6796842470506594,2.6512686038270727,2.9425853545358818,2.5148422090729783,2.362091791703442,1.2796052631578947,,3.0003053568312685,2.5614888216044287,1.4656369731800767,1.4563725490196078,1.9299402250351616,1.8358311668450833,2.7076813655761023,2.655000819230859
N207_NorthEast,1.0,1.0,1.0,1.0,1.0,1.0,1.0,1.0,1.0,1.0,1.0,1.0,1.0,1.0,1.0,1.0,1.0,1.0,1.0,1.0,1.0,1.0,,1.0,1.0,1.0,1.0,1.0,1.0,1.0,1.0046858415098248,1.0115327692608416,1.0105026799942054,1.014592169799794,1.0017286407163288,1.0023264159582235,1.0154292520821844,1.0075474431406635,1.0072557304235583,1.0054773658456386,1.0060119419875517,1.0063469206911828,1.0074208709306203,1.0055488706544116,1.0087114633087277,1.0088984751203853,1.0013954899383153,1.0147149449128976,1.0190760563380281,1.0048580653021442,1.0145745798319328,1.009787962267301,,1.015560981666184,1.0111731843575418,1.0102920973808076,1.008036828963795,1.0079785264716772,1.00609243697479,1.0030555050989958,1.0837249923468928,1.1015325670498084,1.1121351224105462,1.1204248553492109,1.0994325775801317,1.119633331962099,1.1210600035722007,1.1017206738447274,1.1003163106873863,1.1128708821136222,1.115644744343697,1.108463937310091,1.1130785958372165,1.1057569829860794,1.1055372148859544,1.1072881514810649,1.1246255660048763,1.1803457536085935,1.1168067226890757,1.0902233826515813,1.1946765988372092,1.2133049242424243,,1.2182214739419912,1.2106088141753748,1.1875370357202113,1.1570987654320988,1.1660375758089825,1.128749780714578,1.1319226492436654,1.3537409578119226,1.4460421304499265,1.4747950102494876,1.502461339565412,1.3899274260351373,1.4242412775297055,1.5291132136774015,1.4843918245264207,1.4982687227814664,1.5172220831431222,1.4732740421326864,1.4636189113904992,1.4569563352172048,1.4642819649643415,1.4859893957583035,1.4938971742543172,1.4162165529701274,1.5702654141299126,1.3732848484848486,1.3614491475602588,1.5713038141993958,1.6225206611570249,,1.6686069412228106,1.6238315615835777,1.6341218532667254,1.5694251005880533,1.5937654157021972,1.4934741338395823,1.4218880249258647,2.6150211455124523,2.8317160864012436,2.761730787750385,2.8020505712813404,2.6992782678428227,2.770607332330351,2.8195661739046876,2.7330453085188875,2.7898516957737347,2.8074096850180315,2.7820385426076486,2.820555320945946,2.7425234758568093,2.776423134079398,2.7730871295886774,2.7565989326765186,2.758885941644562,2.990132477731719,2.7643280423280423,2.520945340501792,3.077472203504043,3.051072261072261,,3.2280395105890003,3.1109842596191215,3.070552147239264,2.9037052117263844,2.895487510072522,2.8802634978041852,2.7744596777423274
N207_SouthWest,1.0,1.0,1.0,1.0,1.0,1.0,1.0,1.0,1.0,1.0,1.0,1.0,1.0,1.0,1.0,1.0,1.0,1.0,1.0,1.0,1.0,1.0,1.0,,1.0,1.0,1.0,1.0,1.0,1.0,1.0,1.0107771040295876,1.0080084497464352,1.0110415682569676,1.0,1.0,1.0148598573798393,1.0082472744168551,1.0057471264367814,1.00643290575313,1.007159600489197,1.004787318185981,1.004178261236192,1.0051690817506578,1.0079669342278663,1.00785317267002,1.0,1.0155901790517174,1.0129554007526624,1.0,1.0,1.0,1.0131329049985858,,1.0,1.0,1.0,1.0,1.0,1.0,1.0435417756846328,1.081986430607411,1.0884965809861156,1.1041379589851665,1.0916823268729139,1.1116924160178157,1.1092234009681738,1.0866562936546695,1.0908417279154068,1.0962419545369235,1.0994846982928173,1.102563770275816,1.0986203658154823,1.0946414763541035,1.089683638832315,1.1016821301953685,1.0926163671077753,1.1838971565415335,1.0811792949223888,1.0267528457767148,1.2073896305184741,1.1864864864864866,1.2213900422988861,,1.2074453736174806,1.1050456253354803,1.115542288557214,1.0923900660742767,1.0875244640662691,1.1000228937728938,1.286465932705487,1.408274044795784,1.4184360734722816,1.469802314833975,1.3372266195978928,1.381314515392345,1.4880580531447312,1.476927047210439,1.467099746513354,1.4711459944988825,1.4518895906213072,1.4290495755489867,1.415831491034144,1.4215173791795972,1.441083142982525,1.4497633145945827,1.3534605924027514,1.5610864021822926,1.230509515039902,1.170611439842209,1.5546562559512473,1.3957583033213286,1.7332222267387505,,1.4679245283018867,1.3950284516322253,1.4734082397003745,1.4510273588083387,1.2959935155164428,1.3606444133900781,2.37265959015185,2.6995471014492756,2.7361594761974266,2.7838425427120206,2.5755086497660753,2.5997403986984855,2.770064570648523,2.7089753849301137,2.690927589958496,2.756424814406153,2.752829382874226,2.735813729744006,2.7241329539362447,2.70281665887678,2.6779646540963147,2.689327902240326,2.6658228865316618,3.005610776560497,2.495087429515293,2.196309919316564,2.671972488332105,2.6843885281385282,3.1454995743363514,,2.640857438016529,2.6794670024131784,2.5923293172690762,2.576555023923445,2.812701324266285,2.653567447045708
N209_NorthWest,1.0,1.0,1.0,1.0,1.0,1.0,1.0,1.0,1.0,1.0,1.0,1.0,1.0,1.0,1.0,1.0,1.0,1.0,1.0,1.0,1.0,1.0,1.0,1.0,,1.0,1.0,1.0,1.0,1.0,1.0,1.0089977444346376,1.008628734543758,1.012118519553863,1.0,1.0,1.0141677597282481,1.0067890666509238,1.0068954362427533,1.0052616863145436,1.005220676627168,1.0046416756690864,1.0054324702632376,1.0045766469594595,1.0068588821481435,1.006754112075534,1.0,1.0140679476815289,1.0152824314698046,1.0,1.0,1.0,1.0089561375492389,1.0,,1.0,1.0,1.0,1.0,1.0,1.0648923413241647,1.0967980664005605,1.1006676762114538,1.1157413167692352,1.0962191590620518,1.113076435894391,1.1167228691922126,1.098266196613304,1.097606443568557,1.1024977189032354,1.106303088803089,1.1056654474715149,1.1066940094045787,1.1016948064454002,1.1040109222773296,1.1006087782396812,1.0963541223758582,1.181397702785521,1.1018191414496832,1.0690778755294885,1.0,1.0,1.2151852040297142,1.16195421633877,,1.0,1.0,1.0,1.0,1.1083091315141234,1.2860518761396076,1.4032905044206683,1.441277428068567,1.4699559835534155,1.3480019589480106,1.382025776478963,1.4922318247789945,1.4640501119651395,1.4771522519804887,1.4738806068514638,1.4445265948124781,1.443157476084484,1.4312913837370358,1.4316436845008274,1.4544711141117719,1.4432048620240503,1.3738014357988968,1.5632328063416148,1.2839827022763126,1.2616947819993505,1.3187601078167115,1.3616935483870969,1.6135468109698434,1.4365305696598734,,1.0,1.203837118245889,1.1848743822075782,1.191668816606799,1.38092849868373,2.477686312002722,2.750684301044013,2.7386291890349392,2.7618413813063127,2.5789526712603634,2.664683803457689,2.7442322383498854,2.696970669030719,2.745179041843886,2.7502255584828035,2.738102700096432,2.7477517690459625,2.709920255183413,2.747048742837707,2.69083239219489,2.6822252005232188,2.662636859958771,2.966471674612378,2.539030654401234,2.3711645529827345,1.4526939781664514,1.5653880070546737,3.050974077398237,2.773446587082951,,1.0706837606837607,1.8582937136819864,1.820568545163869,2.6029964027355024,2.694425727697778
N209_SouthEast,1.0,1.0,1.0,1.0,1.0,1.0,1.0,1.0,1.0,1.0,1.0,1.0,1.0,1.0,1.0,1.0,1.0,1.0,1.0,1.0,1.0,1.0,1.0,1.0,1.0,,1.0,1.0,1.0,1.0,1.0,1.0096635799847082,1.0087314109351104,1.0106527486250232,1.0,1.0,1.0138080818391118,1.007321311295972,1.005162360830083,1.006125433304052,1.0050154161938383,1.0055601044956526,1.0050291647997875,1.0050415945827125,1.0065135111345833,1.0071490060871429,1.0,1.0151535776843292,1.0155053280053281,1.0,1.0,1.0,1.0121087730485148,1.0,1.0,,1.0,1.0,1.0,1.0,1.0691838238802962,1.0949213655542769,1.101144890965389,1.114615916085673,1.0939724826189532,1.1116854150312516,1.1152313064525978,1.100684528487708,1.0959910143424918,1.1034301106520792,1.1127059473983696,1.1095222153139797,1.1024981709515105,1.105504145184221,1.1033885855003702,1.0984004300991834,1.1061205916687147,1.1771210195234836,1.104228017767985,1.0722110449434126,1.0,1.0,1.1963666216466724,1.1849800750117205,1.0,,1.0,1.0,1.0,1.1120609877902117,1.2962619223650196,1.402573216104425,1.4495113482929338,1.4769905863263495,1.3457762380182852,1.3871613926042936,1.4956336500796874,1.4610589881268554,1.483896723454794,1.4830650906308542,1.4430279103550832,1.449631150016468,1.435071653991412,1.4361699227673348,1.451966884486215,1.4555438600179287,1.3820402385398471,1.5634395415320206,1.2922875735375736,1.2546307055633703,1.296364391198624,1.3437719210341716,1.6337312155525328,1.4911973412377617,1.0,,1.1854088592920116,1.188098866189726,1.2028448301841304,1.3759144237405105,2.4871219849198765,2.734961915721409,2.760917715370567,2.7848162667300227,2.6048444415449747,2.6790463811330443,2.7700629156622387,2.697562207491796,2.7383787722908095,2.7573779978139266,2.7532311310346596,2.7439442433029235,2.7197717678100264,2.730563008216817,2.679290541970623,2.7024717007072914,2.6695406559516046,2.9624233254407253,2.5478048797754442,2.381921271908821,1.4435588507877666,1.4613383436912848,3.003099090396845,2.7437470943747093,1.0420121614151465,,1.9401800350867102,1.8048060598145488,2.611111111111111,2.6688270531400966
N210_NorthEast,1.0,1.0,1.0,1.0,1.0,1.0,1.0,1.0,1.0,1.0,1.0,1.0,1.0,1.0,1.0,1.0,1.0,1.0,1.0,1.0,1.0,1.0,1.0,1.0,1.0,1.0,,1.0,1.0,1.0,1.0,1.009708063021316,1.0064915276940594,1.0119227703258282,1.0,1.0,1.0126929455287665,1.006644144144144,1.00545808004008,1.00629556809025,1.0054587341880161,1.0057399281504018,1.0042014908515926,1.0059882266070475,1.0066525600333431,1.0066933847740047,1.0,1.0159924118584893,1.0136176536342236,1.0,1.0,1.0,1.0082018272425248,1.0,1.0,1.0,,1.0,1.0,1.0,1.0585710997765256,1.0897963570981863,1.0957912077374103,1.1093605929914918,1.0978769559032717,1.1038016856360755,1.1130416972243695,1.0947869344945254,1.0936836016471088,1.099228227746592,1.1022882882882883,1.1031830817923118,1.1025229779738728,1.1024160157083707,1.096392753154319,1.099554805688279,1.0987912235832549,1.1780868086656848,1.095221533243236,1.066303184829376,1.0,1.0,1.1692736608758596,1.1220455749867515,1.0,1.0,,1.0,1.0,1.1042671954757446,1.305346333348736,1.4000863882211538,1.4314266279798915,1.4742272560054477,1.3404521370540445,1.3723990098299492,1.4916092691449483,1.4526190527588292,1.4726891697659268,1.4706728582866293,1.4439274179840218,1.4437522461814913,1.4225555690031806,1.437711900232509,1.452360598979548,1.4504866154773106,1.3672805259156047,1.551901231509661,1.2928374655647383,1.2446483180428134,1.056555374592834,1.1047252891692956,1.5839579956780119,1.3637856209150327,1.1596148630322756,1.182653090328285,,1.0,1.179939573594801,1.384590545908211,2.477257460896267,2.7330802331589483,2.7234586359825026,2.748738659012869,2.5853143765453903,2.673140327480181,2.7242468851606736,2.6910275949191047,2.7227524178196822,2.7242866608544025,2.7224435044287985,2.7418630110360636,2.693582173068694,2.7357116382505557,2.6524183439710693,2.660708968491895,2.66243099198901,2.919300972215027,2.521359984322947,2.3948812153131724,2.0277449324324324,1.9122383252818036,2.934506222580356,2.611871687587169,1.909567387687188,1.8743295019157087,,1.0,2.844070133963751,2.68000523741384
N210_SouthWest,1.0,1.0,1.0,1.0,1.0,1.0,1.0,1.0,1.0,1.0,1.0,1.0,1.0,1.0,1.0,1.0,1.0,1.0,1.0,1.0,1.0,1.0,1.0,1.0,1.0,1.0,1.0,,1.0,1.0,1.0,1.0099884611192338,1.008010398403966,1.0097424155528412,1.0,1.0,1.0118325332805465,1.0054120262453594,1.0056255743418578,1.0064971992379652,1.0050436184875688,1.0059218163484922,1.005027802750308,1.0046095141721743,1.0072999885168719,1.006385121381586,1.0,1.0160700903358373,1.016129980021154,1.0,1.0,1.0,1.0096502951330883,1.0,1.0,1.0,1.0,,1.0,1.0,1.0638319886678573,1.0837109710464974,1.1001177644971032,1.1081878669275929,1.0974114242908886,1.1071865438065829,1.1081772849321756,1.0925084822087128,1.095898879505437,1.1013369687402836,1.1019107070219432,1.1053445133383915,1.1036837884718518,1.1002005321971187,1.0998022631408622,1.0993589185991892,1.1020047751894901,1.1766279700345055,1.0917867659458547,1.0616362220334183,1.0,1.0,1.1715338874747838,1.1170097165223078,1.0,1.0,1.0,,1.0,1.101528817815135,1.2998770609524903,1.3964500944908167,1.4327415176596954,1.4716132188624456,1.3279808019412562,1.3773117531036083,1.491241538605322,1.451838383838384,1.473374342873411,1.4725265837118369,1.4411648085578461,1.4390563400799394,1.4273003439532024,1.431419457735247,1.4471828533621198,1.4418890014634695,1.3775212518768447,1.5604277117065484,1.2852414178425717,1.2596562261268143,1.0426824934252612,1.0946390937829293,1.5804988787993162,1.3993871297242084,1.1925047892720306,1.1625548585455356,1.0,,1.190465723313642,1.3722074584848285,2.464033900300159,2.7181965971439657,2.7310489952804944,2.739484977179522,2.5862809636394544,2.6451649394249017,2.74340015239435,2.675656296774309,2.7178974011831536,2.719356787019229,2.721492798180593,2.732063873364491,2.683336343978621,2.714861265353496,2.6700988167514446,2.66178418615556,2.6396925294795834,2.946462764918131,2.5230457469665932,2.385405324781863,1.8634113411341133,1.8586507141067403,2.875566880172051,2.559103517841382,1.8198558847077662,1.832682862073543,1.0,,2.803826921409371,2.638386402905603
N2_NorthEast,1.0,1.0,1.0,1.0,1.0,1.0,1.0,1.0,1.0,1.0,1.0,1.0,1.0,1.0,1.0,1.0,1.0,1.0,1.0,1.0,1.0,1.0,1.0,1.0,1.0,1.0,1.0,1.0,,1.0,1.0,1.0092442328729248,1.008687799107121,1.0094965476809292,1.0,1.0,1.012842260933864,1.0056174643770552,1.0052832963411813,1.0058112947937112,1.0039128261784511,1.0047749856205002,1.0046318056208354,1.0043932700043756,1.0059600316929307,1.0063484218802652,1.0,1.0136346802331249,1.011210352039038,1.0,1.0,1.0,1.0066326530612246,1.0,1.0,1.0,1.0,1.0,,1.0,1.0588384687208217,1.0770061728395062,1.093169415162611,1.1001850486928977,1.0786532615127218,1.090108401084011,1.10410848383293,1.092712925482227,1.082149205915102,1.0943781709588336,1.0967710344441646,1.095403022670025,1.0974085728810725,1.097996219648764,1.0872165985365088,1.0880869150711052,1.0887252897068849,1.1676508795741427,1.089650235401588,1.0474540274540274,1.0,1.0,1.1259413624604773,1.054391105941303,1.0,1.0,1.0,1.0,,1.0918219703861582,1.2752913242009132,1.3861420697358198,1.4044351443080612,1.451303624480095,1.3316554587822442,1.3639125478556373,1.4735069600359227,1.4368984171508716,1.458822105762876,1.4364796632587058,1.4310465768799103,1.4268928929335607,1.4131703358906957,1.4180949899853843,1.433493776174965,1.4336587797478364,1.3706791345075533,1.5470673298777673,1.2745605192416525,1.24703358484983,1.1562453641892896,1.1669915529564652,1.4848064743138634,1.3234520031626034,1.1967686187557063,1.2024109624458663,1.205969030969031,1.1920206799005022,,1.3532201381579325,2.525935483870968,2.7551256613756614,2.7199113712832013,2.75994550622059,2.607528204965344,2.6803755928184283,2.7440435246324015,2.692449681877913,2.716866518021735,2.746286222094126,2.762803515928516,2.7563580987458662,2.6750306572689246,2.737238647326498,2.6793846458044976,2.6970588375975164,2.684570700334904,2.9177923318324464,2.633244562393289,2.513451086956522,2.6798342950140555,2.7247861842105263,2.9163567649281936,2.7384186351706035,2.6319121206479243,2.6255918243376035,2.8975207809781556,2.7702741427070396,,2.712637721271476
N2_SouthWest,1.0,1.0,1.0,1.0,1.0,1.0,1.0,1.0,1.0,1.0,1.0,1.0,1.0,1.0,1.0,1.0,1.0,1.0,1.0,1.0,1.0,1.0,1.0,1.0,1.0,1.0,1.0,1.0,1.0,,1.0,1.0,1.0,1.0090705351464309,1.0,1.0,1.0161815068493152,1.0,1.0,1.0,1.0,1.0,1.0,1.0,1.0,1.0,1.0,1.0171438371286192,1.0202436211213324,1.0,1.0,1.0,1.002798892678525,1.0,1.0,1.0,1.0,1.0,1.0,,1.2178200283419935,1.2711526670754139,1.2215055036098947,1.2337110481586402,1.0,1.0,1.187747157686604,1.1625075620084695,1.1438850865944659,1.157495458916551,1.150705870286616,1.1458132335409095,1.149550742350172,1.1401709401709401,1.1768924933481895,1.1611595155898953,1.0,1.2381340925662303,1.1665474110436254,1.1237781555461113,1.1101227067814181,1.108240925773546,1.1169646642376232,1.106033740495892,1.1142871916851957,1.1082217914397365,1.106339747973039,1.101431458684795,1.098389860511223,,1.5557337610264637,1.7119636316064888,1.7094681347755039,1.7448462531079847,1.05206847360913,1.122207327971403,1.7052053824362605,1.6193417603294382,1.612417759755038,1.6544236350232824,1.5618008052281838,1.5445923111602087,1.507627467105263,1.5245592345039858,1.6536617158164117,1.649999710240674,1.0,1.6852104234428207,1.4933816958418757,1.4732970527088174,1.3894887928300814,1.3984346048175835,1.425666802517774,1.3656067652024524,1.3871105531734516,1.3737414459674584,1.3881090704647676,1.3890607778082391,1.363503096103369,,3.068054289962112,3.296324034200836,3.0647616839583454,3.0740940022155403,1.7387079407806192,1.6880313199105146,2.950881930964638,2.843617393812054,2.9392521788971493,2.980141551570123,2.89058524173028,2.877530271983582,2.8161999846500203,2.8853094836358433,2.855692118426703,2.862647565990184,1.0,3.1664243847978786,2.983906624410605,2.940146050804175,2.6719936356404133,2.6711681508973064,2.749544968998216,2.6673892821669005,2.6757025387847184,2.6756776704240472,2.68007132167988,2.6576665652570735,2.689097251428713,
