,VehicleID,Travel_Time
0,Truck24204,175
1,Truck24218,175
2,Truck24246,175
3,Truck24260,175
4,Truck24288,175
5,Truck24302,175
6,Truck24316,175
7,Truck24330,175
8,Truck24386,175
9,Truck24414,175
10,Truck24428,175
11,Truck24196,257
12,Truck24198,257
13,Truck24210,257
14,Truck24212,257
15,Truck24456,175
16,Truck24224,257
17,Truck24226,257
18,Truck24238,257
19,Truck24240,257
20,Truck24484,175
21,Truck24268,257
22,Truck24512,175
23,Truck24526,175
24,Truck24294,257
25,Truck24296,257
26,Truck24540,175
27,Truck24308,257
28,Truck24310,257
29,Truck24254,279
30,Truck24554,175
31,Truck24324,257
32,Truck24568,175
33,Truck24338,257
34,Truck24282,279
35,Truck24350,257
36,Truck24596,175
37,Truck24380,257
38,Truck24638,175
39,Truck24406,257
40,Truck24408,257
41,Truck24352,279
42,Truck24652,175
43,Truck24366,279
44,Truck24436,257
45,Truck24680,175
46,Truck24450,257
47,Truck24394,279
48,Truck24694,175
49,Truck24462,257
50,Truck24478,257
51,Truck24422,279
52,Truck24722,175
53,Truck24490,257
54,Truck24492,257
55,Truck24504,257
56,Truck24750,175
57,Truck24518,257
58,Truck24464,279
59,Truck24764,175
60,Truck24534,257
61,Truck24546,257
62,Truck24548,257
63,Truck24792,175
64,Truck24560,257
65,Truck24506,279
66,Truck24806,175
67,Truck24574,257
68,Truck24576,257
69,Truck24520,279
70,Truck24820,175
71,Truck24590,257
72,Truck24834,175
73,Truck24604,257
74,Truck24562,279
75,Truck24862,175
76,Truck24660,257
77,Truck24904,175
78,Truck24672,257
79,Truck24674,257
80,Truck24618,279
81,Truck24686,257
82,Truck24688,257
83,Truck24632,279
84,Truck24932,175
85,Truck24700,257
86,Truck24646,279
87,Truck24946,175
88,Truck24960,175
89,Truck24730,257
90,Truck24974,175
91,Truck24744,257
92,Truck24756,257
93,Truck24758,257
94,Truck24702,279
95,Truck24772,257
96,Truck24716,279
97,Truck25016,175
98,Truck24784,257
99,Truck25030,175
100,Truck24800,257
101,Truck24812,257
102,Truck25058,175
103,Truck24826,257
104,Truck25072,175
105,Truck24840,257
106,Truck24786,279
107,Truck25100,175
108,Truck24868,257
109,Truck24814,279
110,Truck25114,175
111,Truck24882,257
112,Truck24884,257
113,Truck24828,279
114,Truck25128,175
115,Truck24202,506
116,Truck24896,257
117,Truck24898,257
118,Truck24842,279
119,Truck25142,175
120,Truck24910,257
121,Truck24912,257
122,Truck24856,279
123,Truck25156,175
124,Truck24924,257
125,Truck24926,257
126,Truck24200,519
127,Truck24870,279
128,Truck24940,257
129,Truck24214,519
130,Truck24258,506
131,Truck24952,257
132,Truck24954,257
133,Truck24228,519
134,Truck25198,175
135,Truck24272,506
136,Truck24966,257
137,Truck25212,175
138,Truck24980,257
139,Truck24982,257
140,Truck24256,519
141,Truck25226,175
142,Truck24994,257
143,Truck24996,257
144,Truck24270,519
145,Truck25240,175
146,Truck25010,257
147,Truck24284,519
148,Truck25254,175
149,Truck24298,519
150,Truck24968,279
151,Truck25268,175
152,Truck24342,506
153,Truck25282,175
154,Truck25052,257
155,Truck24326,519
156,Truck25296,175
157,Truck25064,257
158,Truck25066,257
159,Truck24340,519
160,Truck25080,257
161,Truck24354,519
162,Truck25024,279
163,Truck25324,175
164,Truck24398,506
165,Truck25092,257
166,Truck24368,519
167,Truck25038,279
168,Truck25338,175
169,Truck24382,519
170,Truck25352,175
171,Truck25120,257
172,Truck25122,257
173,Truck24396,519
174,Truck25366,175
175,Truck24440,506
176,Truck25134,257
177,Truck25136,257
178,Truck24410,519
179,Truck24424,519
180,Truck25094,279
181,Truck25162,257
182,Truck24438,519
183,Truck25108,279
184,Truck25176,257
185,Truck25178,257
186,Truck24452,519
187,Truck24496,506
188,Truck24466,519
189,Truck25436,175
190,Truck25204,257
191,Truck25206,257
192,Truck24480,519
193,Truck25150,279
194,Truck25450,175
195,Truck25218,257
196,Truck24494,519
197,Truck25164,279
198,Truck25464,175
199,Truck24508,519
200,Truck25478,175
201,Truck24522,519
202,Truck25192,279
203,Truck24536,519
204,Truck25506,175
205,Truck24550,519
206,Truck25220,279
207,Truck25520,175
208,Truck25288,257
209,Truck25290,257
210,Truck24564,519
211,Truck25234,279
212,Truck25534,175
213,Truck24578,519
214,Truck25248,279
215,Truck25548,175
216,Truck24622,506
217,Truck25316,257
218,Truck24592,519
219,Truck25262,279
220,Truck25562,175
221,Truck24636,506
222,Truck25276,279
223,Truck25576,175
224,Truck25346,257
225,Truck24620,519
226,Truck25358,257
227,Truck25360,257
228,Truck24634,519
229,Truck25304,279
230,Truck25372,257
231,Truck25374,257
232,Truck24648,519
233,Truck25318,279
234,Truck25618,175
235,Truck25386,257
236,Truck24662,519
237,Truck25332,279
238,Truck24676,519
239,Truck25646,175
240,Truck25416,257
241,Truck24690,519
242,Truck25660,175
243,Truck24704,519
244,Truck25674,175
245,Truck24748,506
246,Truck25388,279
247,Truck24762,506
248,Truck24732,519
249,Truck25402,279
250,Truck25472,257
251,Truck24746,519
252,Truck25716,175
253,Truck25484,257
254,Truck25486,257
255,Truck24760,519
256,Truck25430,279
257,Truck25730,175
258,Truck24774,519
259,Truck25444,279
260,Truck25744,175
261,Truck25512,257
262,Truck25514,257
263,Truck24788,519
264,Truck25458,279
265,Truck25758,175
266,Truck25526,257
267,Truck25528,257
268,Truck24802,519
269,Truck25772,175
270,Truck25542,257
271,Truck25556,257
272,Truck24830,519
273,Truck25500,279
274,Truck25568,257
275,Truck25570,257
276,Truck24844,519
277,Truck25814,175
278,Truck24888,506
279,Truck24858,519
280,Truck25828,175
281,Truck25596,257
282,Truck24872,519
283,Truck25612,257
284,Truck24886,519
285,Truck25856,175
286,Truck24930,506
287,Truck25624,257
288,Truck25626,257
289,Truck24900,519
290,Truck25638,257
291,Truck25584,279
292,Truck25884,175
293,Truck25652,257
294,Truck24928,519
295,Truck25598,279
296,Truck25898,175
297,Truck25668,257
298,Truck24942,519
299,Truck25682,257
300,Truck24956,519
301,Truck25694,257
302,Truck25696,257
303,Truck24970,519
304,Truck25640,279
305,Truck25708,257
306,Truck25710,257
307,Truck25654,279
308,Truck25968,175
309,Truck25736,257
310,Truck25012,519
311,Truck25982,175
312,Truck25750,257
313,Truck25752,257
314,Truck25026,519
315,Truck25764,257
316,Truck25766,257
317,Truck25040,519
318,Truck25778,257
319,Truck25780,257
320,Truck25054,519
321,Truck25724,279
322,Truck25792,257
323,Truck25794,257
324,Truck25068,519
325,Truck25738,279
326,Truck26038,175
327,Truck25112,506
328,Truck25082,519
329,Truck25820,257
330,Truck25096,519
331,Truck24213,836
332,Truck25110,519
333,Truck26080,175
334,Truck25848,257
335,Truck25124,519
336,Truck26094,175
337,Truck25168,506
338,Truck25864,257
339,Truck25138,519
340,Truck25808,279
341,Truck24255,836
342,Truck24216,852
343,Truck25876,257
344,Truck25878,257
345,Truck25152,519
346,Truck25822,279
347,Truck24230,852
348,Truck25166,519
349,Truck25836,279
350,Truck26136,175
351,Truck24244,852
352,Truck25904,257
353,Truck25180,519
354,Truck25850,279
355,Truck26150,175
356,Truck25194,519
357,Truck25932,257
358,Truck25934,257
359,Truck25208,519
360,Truck26178,175
361,Truck24286,852
362,Truck25946,257
363,Truck25948,257
364,Truck24217,879
365,Truck25222,519
366,Truck25892,279
367,Truck24339,836
368,Truck24300,852
369,Truck25960,257
370,Truck24209,883
371,Truck25236,519
372,Truck25906,279
373,Truck26206,175
374,Truck24314,852
375,Truck24223,883
376,Truck25250,519
377,Truck25920,279
378,Truck26220,175
379,Truck24367,836
380,Truck24328,852
381,Truck25988,257
382,Truck24237,883
383,Truck25264,519
384,Truck24381,836
385,Truck26002,257
386,Truck25278,519
387,Truck26248,175
388,Truck24356,852
389,Truck26018,257
390,Truck24265,883
391,Truck25292,519
392,Truck25962,279
393,Truck26262,175
394,Truck24370,852
395,Truck26032,257
396,Truck25306,519
397,Truck25976,279
398,Truck24423,836
399,Truck24384,852
400,Truck26044,257
401,Truck24293,883
402,Truck24315,879
403,Truck25320,519
404,Truck25990,279
405,Truck26290,175
406,Truck25364,506
407,Truck26058,257
408,Truck26060,257
409,Truck24329,879
410,Truck25334,519
411,Truck26004,279
412,Truck24412,852
413,Truck24321,883
414,Truck25348,519
415,Truck26318,175
416,Truck24426,852
417,Truck24335,883
418,Truck24357,879
419,Truck25362,519
420,Truck26332,175
421,Truck24479,836
422,Truck25406,506
423,Truck26102,257
424,Truck24349,883
425,Truck26046,279
426,Truck26346,175
427,Truck24493,836
428,Truck24454,852
429,Truck24363,883
430,Truck24385,879
431,Truck26360,175
432,Truck24507,836
433,Truck24468,852
434,Truck26128,257
435,Truck24377,883
436,Truck24399,879
437,Truck25404,519
438,Truck26074,279
439,Truck26374,175
440,Truck24521,836
441,Truck24482,852
442,Truck26144,257
443,Truck24413,879
444,Truck26088,279
445,Truck26156,257
446,Truck24405,883
447,Truck24427,879
448,Truck24510,852
449,Truck26170,257
450,Truck25446,519
451,Truck26116,279
452,Truck26416,175
453,Truck24524,852
454,Truck26186,257
455,Truck24455,879
456,Truck25460,519
457,Truck26130,279
458,Truck26430,175
459,Truck25504,506
460,Truck24538,852
461,Truck26198,257
462,Truck24447,883
463,Truck24552,852
464,Truck24461,883
465,Truck24483,879
466,Truck25488,519
467,Truck26158,279
468,Truck24566,852
469,Truck26226,257
470,Truck26228,257
471,Truck24475,883
472,Truck24497,879
473,Truck26172,279
474,Truck26472,175
475,Truck25546,506
476,Truck24580,852
477,Truck24511,879
478,Truck26486,175
479,Truck24594,852
480,Truck26254,257
481,Truck24503,883
482,Truck25530,519
483,Truck26200,279
484,Truck26500,175
485,Truck25574,506
486,Truck24608,852
487,Truck26268,257
488,Truck26270,257
489,Truck24517,883
490,Truck24539,879
491,Truck25544,519
492,Truck26214,279
493,Truck24203,1000
494,Truck24531,883
495,Truck24553,879
496,Truck25558,519
497,Truck26528,175
498,Truck26296,257
499,Truck24545,883
500,Truck25572,519
501,Truck26242,279
502,Truck24231,1000
503,Truck26542,175
504,Truck24650,852
505,Truck26310,257
506,Truck26312,257
507,Truck25586,519
508,Truck26256,279
509,Truck24245,1000
510,Truck26556,175
511,Truck24664,852
512,Truck24573,883
513,Truck25600,519
514,Truck24259,1000
515,Truck24678,852
516,Truck26338,257
517,Truck26340,257
518,Truck24587,883
519,Truck24609,879
520,Truck25614,519
521,Truck26284,279
522,Truck24273,1000
523,Truck26584,175
524,Truck24731,836
525,Truck24692,852
526,Truck26354,257
527,Truck25628,519
528,Truck26298,279
529,Truck24287,1000
530,Truck24745,836
531,Truck24706,852
532,Truck26368,257
533,Truck24637,879
534,Truck25642,519
535,Truck24301,1000
536,Truck26612,175
537,Truck24720,852
538,Truck26380,257
539,Truck26382,257
540,Truck24629,883
541,Truck25656,519
542,Truck26326,279
543,Truck24773,836
544,Truck24734,852
545,Truck24643,883
546,Truck25670,519
547,Truck26640,175
548,Truck24787,836
549,Truck26408,257
550,Truck25684,519
551,Truck24343,1000
552,Truck26654,175
553,Truck25698,519
554,Truck26668,175
555,Truck24815,836
556,Truck25742,506
557,Truck24776,852
558,Truck26438,257
559,Truck24371,1000
560,Truck26682,175
561,Truck24790,852
562,Truck26452,257
563,Truck24699,883
564,Truck25726,519
565,Truck26396,279
566,Truck24843,836
567,Truck24804,852
568,Truck25740,519
569,Truck26410,279
570,Truck24205,1070
571,Truck26710,175
572,Truck24818,852
573,Truck26478,257
574,Truck26480,257
575,Truck24749,879
576,Truck26424,279
577,Truck24219,1070
578,Truck24871,836
579,Truck24252,1057
580,Truck24832,852
581,Truck26492,257
582,Truck24741,883
583,Truck25768,519
584,Truck24233,1070
585,Truck24266,1057
586,Truck24846,852
587,Truck26506,257
588,Truck26508,257
589,Truck24755,883
590,Truck25782,519
591,Truck24247,1070
592,Truck24441,1000
593,Truck26752,175
594,Truck24280,1057
595,Truck24860,852
596,Truck26520,257
597,Truck24769,883
598,Truck25796,519
599,Truck26466,279
600,Truck24261,1070
601,Truck24874,852
602,Truck26534,257
603,Truck25810,519
604,Truck24275,1070
605,Truck24469,1000
606,Truck26780,175
607,Truck26550,257
608,Truck24797,883
609,Truck25824,519
610,Truck26494,279
611,Truck24289,1070
612,Truck26794,175
613,Truck24322,1057
614,Truck24902,852
615,Truck26562,257
616,Truck24811,883
617,Truck25838,519
618,Truck24303,1070
619,Truck26808,175
620,Truck25882,506
621,Truck24336,1057
622,Truck24916,852
623,Truck25852,519
624,Truck26522,279
625,Truck26822,175
626,Truck25896,506
627,Truck26590,257
628,Truck26592,257
629,Truck24839,883
630,Truck25866,519
631,Truck26536,279
632,Truck24331,1070
633,Truck24525,1000
634,Truck26836,175
635,Truck25910,506
636,Truck24364,1057
637,Truck24944,852
638,Truck26604,257
639,Truck26606,257
640,Truck25880,519
641,Truck24345,1070
642,Truck24378,1057
643,Truck24958,852
644,Truck26620,257
645,Truck24867,883
646,Truck25894,519
647,Truck26564,279
648,Truck24359,1070
649,Truck26864,175
650,Truck25011,836
651,Truck24392,1057
652,Truck24972,852
653,Truck26632,257
654,Truck26634,257
655,Truck24881,883
656,Truck24903,879
657,Truck26578,279
658,Truck24373,1070
659,Truck24567,1000
660,Truck26878,175
661,Truck24986,852
662,Truck26646,257
663,Truck24895,883
664,Truck24917,879
665,Truck25922,519
666,Truck24387,1070
667,Truck24581,1000
668,Truck26892,175
669,Truck24420,1057
670,Truck25000,852
671,Truck26660,257
672,Truck26662,257
673,Truck25936,519
674,Truck24401,1070
675,Truck24595,1000
676,Truck26906,175
677,Truck25053,836
678,Truck25980,506
679,Truck24434,1057
680,Truck25014,852
681,Truck26674,257
682,Truck26676,257
683,Truck24923,883
684,Truck24945,879
685,Truck25950,519
686,Truck24415,1070
687,Truck26920,175
688,Truck25067,836
689,Truck24448,1057
690,Truck25028,852
691,Truck26688,257
692,Truck26690,257
693,Truck24937,883
694,Truck25964,519
695,Truck24429,1070
696,Truck24623,1000
697,Truck25081,836
698,Truck25042,852
699,Truck26704,257
700,Truck24973,879
701,Truck25978,519
702,Truck26648,279
703,Truck24443,1070
704,Truck26948,175
705,Truck25095,836
706,Truck24476,1057
707,Truck25056,852
708,Truck26716,257
709,Truck25992,519
710,Truck24457,1070
711,Truck24651,1000
712,Truck26962,175
713,Truck25070,852
714,Truck26730,257
715,Truck24979,883
716,Truck26006,519
717,Truck24471,1070
718,Truck24665,1000
719,Truck26976,175
720,Truck25084,852
721,Truck26744,257
722,Truck24993,883
723,Truck26020,519
724,Truck24485,1070
725,Truck24679,1000
726,Truck26990,175
727,Truck25137,836
728,Truck25098,852
729,Truck26034,519
730,Truck24499,1070
731,Truck24693,1000
732,Truck27004,175
733,Truck24532,1057
734,Truck26772,257
735,Truck26774,257
736,Truck25021,883
737,Truck25043,879
738,Truck26048,519
739,Truck26718,279
740,Truck24337,1130
741,Truck24513,1070
742,Truck24707,1000
743,Truck25126,852
744,Truck25035,883
745,Truck26062,519
746,Truck26732,279
747,Truck24721,1000
748,Truck27032,175
749,Truck25140,852
750,Truck26802,257
751,Truck25071,879
752,Truck26076,519
753,Truck26746,279
754,Truck24541,1070
755,Truck24735,1000
756,Truck27046,175
757,Truck25154,852
758,Truck26814,257
759,Truck26816,257
760,Truck25063,883
761,Truck25085,879
762,Truck26090,519
763,Truck26760,279
764,Truck24555,1070
765,Truck24588,1057
766,Truck26828,257
767,Truck25099,879
768,Truck26104,519
769,Truck24569,1070
770,Truck24763,1000
771,Truck27074,175
772,Truck25221,836
773,Truck24602,1057
774,Truck25182,852
775,Truck25091,883
776,Truck26118,519
777,Truck26788,279
778,Truck24583,1070
779,Truck24777,1000
780,Truck27088,175
781,Truck25235,836
782,Truck24616,1057
783,Truck25196,852
784,Truck26856,257
785,Truck26858,257
786,Truck25105,883
787,Truck26132,519
788,Truck24597,1070
789,Truck24791,1000
790,Truck27102,175
791,Truck24630,1057
792,Truck25210,852
793,Truck25119,883
794,Truck25141,879
795,Truck26146,519
796,Truck24611,1070
797,Truck24805,1000
798,Truck27116,175
799,Truck25263,836
800,Truck26190,506
801,Truck24644,1057
802,Truck25224,852
803,Truck26886,257
804,Truck26160,519
805,Truck26830,279
806,Truck24625,1070
807,Truck24819,1000
808,Truck27130,175
809,Truck26204,506
810,Truck24658,1057
811,Truck25238,852
812,Truck26898,257
813,Truck25169,879
814,Truck26174,519
815,Truck26844,279
816,Truck24639,1070
817,Truck24833,1000
818,Truck25291,836
819,Truck25252,852
820,Truck26912,257
821,Truck25183,879
822,Truck26188,519
823,Truck24653,1070
824,Truck24847,1000
825,Truck27158,175
826,Truck25266,852
827,Truck26926,257
828,Truck25175,883
829,Truck25197,879
830,Truck26202,519
831,Truck26872,279
832,Truck24667,1070
833,Truck24861,1000
834,Truck25319,836
835,Truck25280,852
836,Truck25189,883
837,Truck26216,519
838,Truck24681,1070
839,Truck24875,1000
840,Truck27186,175
841,Truck25333,836
842,Truck26260,506
843,Truck24714,1057
844,Truck25294,852
845,Truck26954,257
846,Truck26956,257
847,Truck25203,883
848,Truck26230,519
849,Truck26900,279
850,Truck24695,1070
851,Truck24889,1000
852,Truck27200,175
853,Truck24728,1057
854,Truck25308,852
855,Truck26970,257
856,Truck26244,519
857,Truck26914,279
858,Truck24709,1070
859,Truck24742,1057
860,Truck25322,852
861,Truck26984,257
862,Truck25253,879
863,Truck26258,519
864,Truck26928,279
865,Truck24547,1130
866,Truck24723,1070
867,Truck27228,175
868,Truck25336,852
869,Truck25245,883
870,Truck25267,879
871,Truck26272,519
872,Truck26942,279
873,Truck24737,1070
874,Truck24931,1000
875,Truck24770,1057
876,Truck25350,852
877,Truck27010,257
878,Truck25259,883
879,Truck26286,519
880,Truck24751,1070
881,Truck26300,519
882,Truck24765,1070
883,Truck24959,1000
884,Truck27270,175
885,Truck24798,1057
886,Truck25378,852
887,Truck27040,257
888,Truck25287,883
889,Truck25309,879
890,Truck26314,519
891,Truck24779,1070
892,Truck27284,175
893,Truck25392,852
894,Truck27052,257
895,Truck27054,257
896,Truck25301,883
897,Truck26328,519
898,Truck26998,279
899,Truck24793,1070
900,Truck24987,1000
901,Truck27298,175
902,Truck27066,257
903,Truck27068,257
904,Truck25315,883
905,Truck26342,519
906,Truck27012,279
907,Truck24807,1070
908,Truck25001,1000
909,Truck27312,175
910,Truck25459,836
911,Truck25420,852
912,Truck27080,257
913,Truck27082,257
914,Truck25351,879
915,Truck27026,279
916,Truck24821,1070
917,Truck25015,1000
918,Truck27326,175
919,Truck26400,506
920,Truck24854,1057
921,Truck25434,852
922,Truck27094,257
923,Truck27096,257
924,Truck25343,883
925,Truck26370,519
926,Truck24835,1070
927,Truck25029,1000
928,Truck25448,852
929,Truck27108,257
930,Truck25357,883
931,Truck25379,879
932,Truck26384,519
933,Truck24849,1070
934,Truck26428,506
935,Truck25462,852
936,Truck27124,257
937,Truck25393,879
938,Truck26398,519
939,Truck24863,1070
940,Truck25057,1000
941,Truck27368,175
942,Truck25515,836
943,Truck26442,506
944,Truck25476,852
945,Truck27136,257
946,Truck25385,883
947,Truck25407,879
948,Truck26412,519
949,Truck24877,1070
950,Truck27382,175
951,Truck25490,852
952,Truck27152,257
953,Truck25399,883
954,Truck25421,879
955,Truck26426,519
956,Truck24891,1070
957,Truck27396,175
958,Truck25543,836
959,Truck27164,257
960,Truck27166,257
961,Truck26440,519
962,Truck27110,279
963,Truck24905,1070
964,Truck27410,175
965,Truck24938,1057
966,Truck25518,852
967,Truck26454,519
968,Truck24743,1130
969,Truck24919,1070
970,Truck25113,1000
971,Truck25571,836
972,Truck25532,852
973,Truck25441,883
974,Truck26468,519
975,Truck27138,279
976,Truck24933,1070
977,Truck25127,1000
978,Truck27438,175
979,Truck25585,836
980,Truck27206,257
981,Truck25455,883
982,Truck25477,879
983,Truck24947,1070
984,Truck27452,175
985,Truck25599,836
986,Truck25560,852
987,Truck27222,257
988,Truck25469,883
989,Truck26496,519
990,Truck24961,1070
991,Truck25155,1000
992,Truck27466,175
993,Truck27234,257
994,Truck27236,257
995,Truck25483,883
996,Truck26510,519
997,Truck27180,279
998,Truck24975,1070
999,Truck25008,1057
1000,Truck25588,852
1001,Truck27248,257
1002,Truck25519,879
1003,Truck26524,519
1004,Truck27194,279
1005,Truck24989,1070
1006,Truck25022,1057
1007,Truck25602,852
1008,Truck27262,257
1009,Truck26538,519
1010,Truck27208,279
1011,Truck25003,1070
1012,Truck27508,175
1013,Truck26582,506
1014,Truck25036,1057
1015,Truck25616,852
1016,Truck26552,519
1017,Truck24841,1130
1018,Truck25017,1070
1019,Truck25211,1000
1020,Truck27522,175
1021,Truck25050,1057
1022,Truck25630,852
1023,Truck27290,257
1024,Truck27292,257
1025,Truck25539,883
1026,Truck26566,519
1027,Truck25031,1070
1028,Truck25225,1000
1029,Truck25683,836
1030,Truck25644,852
1031,Truck27306,257
1032,Truck25553,883
1033,Truck27250,279
1034,Truck25045,1070
1035,Truck25239,1000
1036,Truck25697,836
1037,Truck25078,1057
1038,Truck25658,852
1039,Truck25567,883
1040,Truck26594,519
1041,Truck27264,279
1042,Truck25059,1070
1043,Truck27564,175
1044,Truck25711,836
1045,Truck25672,852
1046,Truck27334,257
1047,Truck25581,883
1048,Truck25603,879
1049,Truck26608,519
1050,Truck27278,279
1051,Truck25073,1070
1052,Truck26652,506
1053,Truck25106,1057
1054,Truck25686,852
1055,Truck27348,257
1056,Truck25595,883
1057,Truck26622,519
1058,Truck25087,1070
1059,Truck25281,1000
1060,Truck27592,175
1061,Truck25700,852
1062,Truck27360,257
1063,Truck27362,257
1064,Truck26636,519
1065,Truck25101,1070
1066,Truck25295,1000
1067,Truck27606,175
1068,Truck25714,852
1069,Truck27376,257
1070,Truck25623,883
1071,Truck26650,519
1072,Truck27320,279
1073,Truck25115,1070
1074,Truck25148,1057
1075,Truck25728,852
1076,Truck27390,257
1077,Truck26664,519
1078,Truck24953,1130
1079,Truck25129,1070
1080,Truck25323,1000
1081,Truck27402,257
1082,Truck27404,257
1083,Truck25651,883
1084,Truck25673,879
1085,Truck26678,519
1086,Truck25143,1070
1087,Truck25337,1000
1088,Truck27648,175
1089,Truck25756,852
1090,Truck27416,257
1091,Truck27418,257
1092,Truck25665,883
1093,Truck26692,519
1094,Truck25157,1070
1095,Truck27662,175
1096,Truck26736,506
1097,Truck25190,1057
1098,Truck25770,852
1099,Truck25679,883
1100,Truck26706,519
1101,Truck25171,1070
1102,Truck25365,1000
1103,Truck25784,852
1104,Truck27446,257
1105,Truck25715,879
1106,Truck26720,519
1107,Truck25185,1070
1108,Truck27690,175
1109,Truck25798,852
1110,Truck27458,257
1111,Truck25707,883
1112,Truck26734,519
1113,Truck25199,1070
1114,Truck25232,1057
1115,Truck25812,852
1116,Truck27472,257
1117,Truck25721,883
1118,Truck25743,879
1119,Truck26748,519
1120,Truck25213,1070
1121,Truck25865,836
1122,Truck26792,506
1123,Truck25246,1057
1124,Truck25826,852
1125,Truck27486,257
1126,Truck25735,883
1127,Truck25757,879
1128,Truck26762,519
1129,Truck27432,279
1130,Truck25227,1070
1131,Truck27732,175
1132,Truck25879,836
1133,Truck26806,506
1134,Truck25260,1057
1135,Truck25840,852
1136,Truck27500,257
1137,Truck26776,519
0,Truck28236,159
1,Truck28250,159
2,Truck28320,159
3,Truck28376,159
4,Truck28390,159
5,Truck28228,218
6,Truck28242,218
7,Truck28432,159
8,Truck28446,159
9,Truck28284,218
10,Truck28460,159
11,Truck28230,241
12,Truck28298,218
13,Truck28474,159
14,Truck28244,240
15,Truck28312,218
16,Truck28488,159
17,Truck28258,240
18,Truck28326,218
19,Truck28502,159
20,Truck28272,240
21,Truck28340,218
22,Truck28286,241
23,Truck28354,218
24,Truck28530,159
25,Truck28300,241
26,Truck28368,218
27,Truck28544,159
28,Truck28314,240
29,Truck28382,218
30,Truck28328,240
31,Truck28572,159
32,Truck28342,240
33,Truck28410,218
34,Truck28586,159
35,Truck28356,241
36,Truck28424,218
37,Truck28600,159
38,Truck28370,240
39,Truck28438,218
40,Truck28614,159
41,Truck28384,241
42,Truck28452,218
43,Truck28628,159
44,Truck28398,241
45,Truck28642,159
46,Truck28412,241
47,Truck28480,218
48,Truck28656,159
49,Truck28426,240
50,Truck28494,218
51,Truck28440,241
52,Truck28508,218
53,Truck28684,159
54,Truck28454,240
55,Truck28522,218
56,Truck28698,159
57,Truck28468,241
58,Truck28536,218
59,Truck28712,159
60,Truck28482,240
61,Truck28496,240
62,Truck28564,218
63,Truck28510,241
64,Truck28524,241
65,Truck28592,218
66,Truck28768,159
67,Truck28538,241
68,Truck28606,218
69,Truck28552,241
70,Truck28796,159
71,Truck28566,241
72,Truck28810,159
73,Truck28580,240
74,Truck28648,218
75,Truck28824,159
76,Truck28594,240
77,Truck28662,218
78,Truck28838,159
79,Truck28608,240
80,Truck28852,159
81,Truck28622,240
82,Truck28690,218
83,Truck28866,159
84,Truck28636,241
85,Truck28880,159
86,Truck28650,241
87,Truck28718,218
88,Truck28894,159
89,Truck28664,240
90,Truck28732,218
91,Truck28678,241
92,Truck28692,241
93,Truck28936,159
94,Truck28706,240
95,Truck28774,218
96,Truck28720,241
97,Truck28788,218
98,Truck28734,240
99,Truck28748,240
100,Truck28816,218
101,Truck28762,240
102,Truck28830,218
103,Truck29006,159
104,Truck28776,241
105,Truck28790,240
106,Truck29034,159
107,Truck28804,241
108,Truck28872,218
109,Truck28818,241
110,Truck28886,218
111,Truck29062,159
112,Truck28832,240
113,Truck28900,218
114,Truck29076,159
115,Truck28846,240
116,Truck28860,241
117,Truck28928,218
118,Truck29104,159
119,Truck28874,240
120,Truck28942,218
121,Truck29118,159
122,Truck28888,240
123,Truck28902,241
124,Truck28970,218
125,Truck29146,159
126,Truck28916,241
127,Truck28984,218
128,Truck28930,240
129,Truck28998,218
130,Truck29174,159
131,Truck28944,241
132,Truck29012,218
133,Truck28958,241
134,Truck29202,159
135,Truck28972,240
136,Truck29040,218
137,Truck29216,159
138,Truck28986,240
139,Truck29230,159
140,Truck29000,241
141,Truck29244,159
142,Truck29014,241
143,Truck29258,159
144,Truck29028,240
145,Truck29096,218
146,Truck29042,240
147,Truck29286,159
148,Truck29056,240
149,Truck29300,159
150,Truck29070,241
151,Truck29138,218
152,Truck29314,159
153,Truck29084,241
154,Truck29152,218
155,Truck29328,159
156,Truck29098,240
157,Truck29166,218
158,Truck29112,240
159,Truck29180,218
160,Truck29356,159
161,Truck29126,240
162,Truck29194,218
163,Truck29370,159
164,Truck29140,240
165,Truck29208,218
166,Truck29384,159
167,Truck29154,240
168,Truck29398,159
169,Truck29168,240
170,Truck29236,218
171,Truck29412,159
172,Truck29182,241
173,Truck29250,218
174,Truck29196,241
175,Truck29440,159
176,Truck29210,240
177,Truck29278,218
178,Truck29224,240
179,Truck28232,597
180,Truck29468,159
181,Truck29238,240
182,Truck29252,240
183,Truck29320,218
184,Truck29266,241
185,Truck28274,597
186,Truck29510,159
187,Truck29280,241
188,Truck29348,218
189,Truck29294,240
190,Truck28302,597
191,Truck29538,159
192,Truck29308,240
193,Truck28316,597
194,Truck29376,218
195,Truck28360,584
196,Truck29552,159
197,Truck29322,240
198,Truck28330,597
199,Truck29566,159
200,Truck29336,240
201,Truck28344,597
202,Truck29404,218
203,Truck29580,159
204,Truck29350,240
205,Truck28358,597
206,Truck29418,218
207,Truck29594,159
208,Truck29364,240
209,Truck28416,584
210,Truck29608,159
211,Truck29378,240
212,Truck28386,597
213,Truck29392,241
214,Truck28400,597
215,Truck29636,159
216,Truck29406,240
217,Truck29474,218
218,Truck29650,159
219,Truck29420,241
220,Truck28428,597
221,Truck29434,240
222,Truck28442,597
223,Truck29502,218
224,Truck29678,159
225,Truck29448,240
226,Truck28456,597
227,Truck29516,218
228,Truck29692,159
229,Truck29462,240
230,Truck28470,597
231,Truck29706,159
232,Truck29476,241
233,Truck28484,597
234,Truck29720,159
235,Truck29490,241
236,Truck28498,597
237,Truck29734,159
238,Truck29504,241
239,Truck28512,597
240,Truck29518,241
241,Truck28526,597
242,Truck28570,584
243,Truck29532,240
244,Truck28540,597
245,Truck29600,218
246,Truck29776,159
247,Truck29546,240
248,Truck28554,597
249,Truck29560,240
250,Truck28568,597
251,Truck29628,218
252,Truck29574,240
253,Truck28582,597
254,Truck29642,218
255,Truck29818,159
256,Truck29588,241
257,Truck28596,597
258,Truck29832,159
259,Truck29602,241
260,Truck28610,597
261,Truck29670,218
262,Truck29846,159
263,Truck29616,241
264,Truck28624,597
265,Truck29684,218
266,Truck29860,159
267,Truck29630,240
268,Truck28638,597
269,Truck29644,241
270,Truck29712,218
271,Truck29888,159
272,Truck29658,240
273,Truck28666,597
274,Truck29726,218
275,Truck29902,159
276,Truck29672,240
277,Truck28680,597
278,Truck29916,159
279,Truck29686,240
280,Truck28694,597
281,Truck29930,159
282,Truck29700,241
283,Truck29714,240
284,Truck28722,597
285,Truck29728,240
286,Truck28736,597
287,Truck29796,218
288,Truck29972,159
289,Truck29742,240
290,Truck28750,597
291,Truck28794,584
292,Truck29986,159
293,Truck29756,241
294,Truck28764,597
295,Truck30000,159
296,Truck29770,240
297,Truck28778,597
298,Truck30014,159
299,Truck29784,241
300,Truck28792,597
301,Truck28234,799
302,Truck30028,159
303,Truck29798,241
304,Truck28806,597
305,Truck29866,218
306,Truck28248,799
307,Truck30042,159
308,Truck29812,241
309,Truck28820,597
310,Truck28262,799
311,Truck28864,584
312,Truck30056,159
313,Truck29826,241
314,Truck28834,597
315,Truck28315,783
316,Truck28276,799
317,Truck30070,159
318,Truck29840,240
319,Truck28848,597
320,Truck28329,783
321,Truck28290,799
322,Truck29854,240
323,Truck28862,597
324,Truck28304,799
325,Truck30098,159
326,Truck29868,241
327,Truck28876,597
328,Truck29936,218
329,Truck28318,799
330,Truck30112,159
331,Truck29882,241
332,Truck28890,597
333,Truck28371,783
334,Truck29950,218
335,Truck28332,799
336,Truck28934,584
337,Truck29896,241
338,Truck28904,597
339,Truck28346,799
340,Truck29910,240
341,Truck28918,597
342,Truck28962,584
343,Truck30154,159
344,Truck29924,241
345,Truck28374,799
346,Truck30168,159
347,Truck29938,241
348,Truck28946,597
349,Truck30006,218
350,Truck28388,799
351,Truck30182,159
352,Truck29952,240
353,Truck28960,597
354,Truck30020,218
355,Truck28402,799
356,Truck30196,159
357,Truck29966,240
358,Truck28974,597
359,Truck30034,218
360,Truck30210,159
361,Truck29980,241
362,Truck28988,597
363,Truck28469,783
364,Truck30048,218
365,Truck28430,799
366,Truck29994,241
367,Truck29002,597
368,Truck28444,799
369,Truck30238,159
370,Truck30008,241
371,Truck29016,597
372,Truck28497,783
373,Truck30076,218
374,Truck28458,799
375,Truck29060,584
376,Truck30252,159
377,Truck30022,240
378,Truck29030,597
379,Truck30090,218
380,Truck28472,799
381,Truck30036,240
382,Truck29044,597
383,Truck28486,799
384,Truck30280,159
385,Truck30050,241
386,Truck29058,597
387,Truck30118,218
388,Truck28500,799
389,Truck30064,241
390,Truck29072,597
391,Truck28553,783
392,Truck28514,799
393,Truck30078,241
394,Truck29086,597
395,Truck28567,783
396,Truck28528,799
397,Truck29130,584
398,Truck30322,159
399,Truck30092,240
400,Truck29100,597
401,Truck28542,799
402,Truck30336,159
403,Truck30106,240
404,Truck29114,597
405,Truck30174,218
406,Truck28556,799
407,Truck30350,159
408,Truck30120,240
409,Truck29128,597
410,Truck28609,783
411,Truck30188,218
412,Truck30364,159
413,Truck30134,240
414,Truck29142,597
415,Truck28227,924
416,Truck28584,799
417,Truck30378,159
418,Truck28249,920
419,Truck30148,241
420,Truck29156,597
421,Truck30216,218
422,Truck28598,799
423,Truck29200,584
424,Truck30162,241
425,Truck29170,597
426,Truck28255,924
427,Truck28612,799
428,Truck30406,159
429,Truck30176,240
430,Truck29184,597
431,Truck30244,218
432,Truck28269,924
433,Truck28626,799
434,Truck30420,159
435,Truck28291,920
436,Truck30190,240
437,Truck29198,597
438,Truck30258,218
439,Truck28283,924
440,Truck28640,799
441,Truck30204,240
442,Truck29212,597
443,Truck30272,218
444,Truck28654,799
445,Truck30448,159
446,Truck28319,920
447,Truck30218,240
448,Truck28707,783
449,Truck30286,218
450,Truck28311,924
451,Truck28668,799
452,Truck30232,240
453,Truck29240,597
454,Truck28721,783
455,Truck30300,218
456,Truck28325,924
457,Truck28682,799
458,Truck30476,159
459,Truck30246,241
460,Truck29254,597
461,Truck28735,783
462,Truck28339,924
463,Truck28696,799
464,Truck30260,241
465,Truck29268,597
466,Truck28749,783
467,Truck30328,218
468,Truck28353,924
469,Truck28710,799
470,Truck30504,159
471,Truck30274,241
472,Truck29282,597
473,Truck28367,924
474,Truck28724,799
475,Truck30518,159
476,Truck30288,241
477,Truck29296,597
478,Truck28381,924
479,Truck28738,799
480,Truck30532,159
481,Truck28403,920
482,Truck30302,240
483,Truck29310,597
484,Truck28791,783
485,Truck28395,924
486,Truck28752,799
487,Truck28417,920
488,Truck30316,241
489,Truck28235,987
490,Truck28409,924
491,Truck28766,799
492,Truck30560,159
493,Truck28431,920
494,Truck30330,240
495,Truck29338,597
496,Truck30398,218
497,Truck28423,924
498,Truck28780,799
499,Truck29382,584
500,Truck30574,159
501,Truck30344,240
502,Truck28263,987
503,Truck29352,597
504,Truck28833,783
505,Truck28437,924
506,Truck30588,159
507,Truck28459,920
508,Truck30358,240
509,Truck28277,987
510,Truck29366,597
511,Truck30426,218
512,Truck28451,924
513,Truck28808,799
514,Truck30372,240
515,Truck29380,597
516,Truck28822,799
517,Truck30616,159
518,Truck28487,920
519,Truck30386,241
520,Truck28305,987
521,Truck29394,597
522,Truck28479,924
523,Truck28836,799
524,Truck30630,159
525,Truck28501,920
526,Truck30400,241
527,Truck29408,597
528,Truck28493,924
529,Truck28850,799
530,Truck30414,240
531,Truck28333,987
532,Truck29422,597
533,Truck30482,218
534,Truck28507,924
535,Truck30658,159
536,Truck28529,920
537,Truck30428,240
538,Truck28347,987
539,Truck29436,597
540,Truck28917,783
541,Truck28521,924
542,Truck28878,799
543,Truck29480,584
544,Truck30672,159
545,Truck28543,920
546,Truck30442,240
547,Truck28361,987
548,Truck29450,597
549,Truck30510,218
550,Truck28892,799
551,Truck29494,584
552,Truck30686,159
553,Truck28557,920
554,Truck30456,241
555,Truck28375,987
556,Truck29464,597
557,Truck28945,783
558,Truck30524,218
559,Truck28549,924
560,Truck28906,799
561,Truck30700,159
562,Truck28571,920
563,Truck30470,241
564,Truck28389,987
565,Truck29478,597
566,Truck30538,218
567,Truck28920,799
568,Truck30714,159
569,Truck28585,920
570,Truck30484,241
571,Truck29492,597
572,Truck30552,218
573,Truck30728,159
574,Truck30498,241
575,Truck29506,597
576,Truck28987,783
577,Truck30566,218
578,Truck28256,1044
579,Truck28591,924
580,Truck28948,799
581,Truck29550,584
582,Truck30742,159
583,Truck30512,241
584,Truck29520,597
585,Truck29001,783
586,Truck28270,1044
587,Truck28605,924
588,Truck29564,584
589,Truck30526,240
590,Truck28445,987
591,Truck29534,597
592,Truck30594,218
593,Truck28619,924
594,Truck28976,799
595,Truck30770,159
596,Truck30540,241
597,Truck29548,597
598,Truck29029,783
599,Truck28633,924
600,Truck28990,799
601,Truck29592,584
602,Truck30554,240
603,Truck28473,987
604,Truck29562,597
605,Truck29043,783
606,Truck30622,218
607,Truck28647,924
608,Truck29004,799
609,Truck30798,159
610,Truck28669,920
611,Truck30568,240
612,Truck29576,597
613,Truck29057,783
614,Truck28661,924
615,Truck29018,799
616,Truck29620,584
617,Truck30812,159
618,Truck28683,920
619,Truck30582,240
620,Truck29071,783
621,Truck30650,218
622,Truck29032,799
623,Truck30596,241
624,Truck28515,987
625,Truck29604,597
626,Truck30664,218
627,Truck28689,924
628,Truck29046,799
629,Truck30840,159
630,Truck28711,920
631,Truck30610,241
632,Truck29618,597
633,Truck28703,924
634,Truck30854,159
635,Truck28725,920
636,Truck30624,241
637,Truck29632,597
638,Truck29113,783
639,Truck30692,218
640,Truck28717,924
641,Truck29074,799
642,Truck30638,240
643,Truck29646,597
644,Truck29127,783
645,Truck28396,1044
646,Truck28731,924
647,Truck29088,799
648,Truck30882,159
649,Truck30652,240
650,Truck29660,597
651,Truck29141,783
652,Truck29102,799
653,Truck29704,584
654,Truck30896,159
655,Truck30666,240
656,Truck29674,597
657,Truck29155,783
658,Truck28759,924
659,Truck29116,799
660,Truck30910,159
661,Truck30680,241
662,Truck28599,987
663,Truck29732,584
664,Truck28795,920
665,Truck30694,240
666,Truck28613,987
667,Truck29702,597
668,Truck30762,218
669,Truck29144,799
670,Truck30708,240
671,Truck28627,987
672,Truck29716,597
673,Truck30776,218
674,Truck28466,1044
675,Truck28801,924
676,Truck29158,799
677,Truck29760,584
678,Truck30952,159
679,Truck28823,920
680,Truck30722,240
681,Truck28641,987
682,Truck29730,597
683,Truck29172,799
684,Truck29774,584
685,Truck30966,159
686,Truck28837,920
687,Truck30736,241
688,Truck28655,987
689,Truck29744,597
690,Truck28829,924
691,Truck29186,799
692,Truck30750,240
693,Truck30818,218
694,Truck28843,924
695,Truck30994,159
696,Truck30764,241
697,Truck29772,597
698,Truck30832,218
699,Truck29214,799
700,Truck30778,240
701,Truck28697,987
702,Truck29786,597
703,Truck30846,218
704,Truck28871,924
705,Truck29228,799
706,Truck31022,159
707,Truck28893,920
708,Truck30792,240
709,Truck29800,597
710,Truck28550,1044
711,Truck28885,924
712,Truck29242,799
713,Truck31036,159
714,Truck30806,240
715,Truck29814,597
716,Truck29295,783
717,Truck30874,218
718,Truck28899,924
719,Truck29256,799
720,Truck31050,159
721,Truck30820,241
722,Truck28739,987
723,Truck29828,597
724,Truck29309,783
725,Truck28578,1044
726,Truck28913,924
727,Truck29270,799
728,Truck29872,584
729,Truck31064,159
730,Truck30834,240
731,Truck28753,987
732,Truck29842,597
733,Truck29323,783
734,Truck30902,218
735,Truck28927,924
736,Truck29284,799
737,Truck31078,159
738,Truck28949,920
739,Truck30848,241
740,Truck28767,987
741,Truck29856,597
742,Truck30916,218
743,Truck28941,924
744,Truck29298,799
745,Truck31092,159
746,Truck30862,241
747,Truck28781,987
748,Truck29870,597
749,Truck30930,218
750,Truck28620,1044
751,Truck28955,924
752,Truck29312,799
753,Truck31106,159
754,Truck28251,1180
755,Truck30876,241
756,Truck29884,597
757,Truck28634,1044
758,Truck28969,924
759,Truck29326,799
760,Truck31120,159
761,Truck28265,1180
762,Truck30890,240
763,Truck28809,987
764,Truck29379,783
765,Truck29340,799
766,Truck29942,584
767,Truck31134,159
768,Truck28279,1180
769,Truck30904,241
770,Truck29912,597
771,Truck29354,799
772,Truck29956,584
773,Truck31148,159
774,Truck28293,1180
775,Truck30918,241
776,Truck29926,597
777,Truck30986,218
778,Truck28676,1044
779,Truck29011,924
780,Truck29368,799
781,Truck28307,1180
782,Truck30932,241
783,Truck28851,987
784,Truck29940,597
785,Truck29421,783
786,Truck31176,159
787,Truck28321,1180
788,Truck29047,920
789,Truck30946,240
790,Truck28865,987
791,Truck29954,597
792,Truck29435,783
793,Truck31014,218
794,Truck28704,1044
795,Truck29039,924
796,Truck29396,799
797,Truck28335,1180
798,Truck30960,240
799,Truck28879,987
800,Truck29968,597
801,Truck29053,924
802,Truck29410,799
803,Truck31204,159
804,Truck28349,1180
805,Truck30974,240
806,Truck29982,597
807,Truck31042,218
808,Truck29067,924
809,Truck29424,799
810,Truck30026,584
811,Truck31218,159
812,Truck28363,1180
813,Truck29089,920
814,Truck30988,241
815,Truck28907,987
816,Truck29996,597
817,Truck28746,1044
818,Truck29081,924
819,Truck29438,799
820,Truck31232,159
821,Truck28377,1180
822,Truck29103,920
823,Truck31002,241
824,Truck28921,987
825,Truck30010,597
826,Truck31070,218
827,Truck28760,1044
828,Truck29095,924
829,Truck29452,799
830,Truck30054,584
831,Truck31246,159
832,Truck28391,1180
833,Truck31016,240
834,Truck28935,987
835,Truck30024,597
836,Truck29466,799
837,Truck30068,584
838,Truck31260,159
839,Truck28229,1240
840,Truck31030,241
841,Truck30038,597
842,Truck29519,783
843,Truck31098,218
844,Truck31274,159
845,Truck28419,1180
846,Truck31044,241
847,Truck28963,987
848,Truck30052,597
849,Truck28802,1044
850,Truck29137,924
851,Truck30096,584
852,Truck31288,159
853,Truck28433,1180
854,Truck29159,920
855,Truck31058,241
856,Truck28977,987
857,Truck30066,597
858,Truck29508,799
859,Truck30110,584
860,Truck28447,1180
861,Truck31072,241
862,Truck28991,987
863,Truck29561,783
864,Truck29165,924
865,Truck29522,799
866,Truck30124,584
867,Truck28461,1180
868,Truck29187,920
869,Truck31086,240
870,Truck29005,987
871,Truck30094,597
872,Truck28844,1044
873,Truck29179,924
874,Truck29536,799
875,Truck31330,159
876,Truck28299,1240
877,Truck28475,1180
878,Truck31100,240
879,Truck29019,987
880,Truck30108,597
881,Truck29589,783
882,Truck28858,1044
883,Truck28489,1180
884,Truck31114,241
885,Truck29033,987
886,Truck30122,597
887,Truck31358,159
888,Truck28503,1180
889,Truck31128,241
890,Truck30136,597
891,Truck31196,218
892,Truck29221,924
893,Truck29578,799
894,Truck28517,1180
895,Truck31142,240
896,Truck29061,987
897,Truck30150,597
898,Truck29631,783
899,Truck31210,218
900,Truck31386,159
901,Truck28531,1180
902,Truck29257,920
903,Truck31156,241
904,Truck29075,987
905,Truck30164,597
906,Truck29645,783
907,Truck31224,218
908,Truck28914,1044
909,Truck29249,924
910,Truck29606,799
911,Truck31400,159
912,Truck28545,1180
913,Truck31170,240
914,Truck28559,1180
915,Truck31184,240
916,Truck30192,597
917,Truck29277,924
918,Truck29634,799
919,Truck31428,159
920,Truck28573,1180
921,Truck29299,920
922,Truck31198,241
923,Truck29117,987
924,Truck30206,597
925,Truck28956,1044
926,Truck29291,924
927,Truck29648,799
928,Truck28587,1180
929,Truck31212,241
930,Truck29131,987
931,Truck30220,597
932,Truck31280,218
933,Truck29305,924
934,Truck29662,799
935,Truck31456,159
936,Truck28601,1180
937,Truck31226,241
938,Truck29145,987
939,Truck30234,597
940,Truck29715,783
941,Truck29319,924
942,Truck29676,799
943,Truck28615,1180
944,Truck31240,240
945,Truck30248,597
946,Truck29333,924
947,Truck29690,799
948,Truck30292,584
949,Truck28629,1180
950,Truck31254,241
951,Truck29173,987
952,Truck30262,597
953,Truck29743,783
954,Truck29347,924
955,Truck31498,159
956,Truck28643,1180
957,Truck29369,920
958,Truck31268,241
959,Truck30276,597
960,Truck31336,218
961,Truck29026,1044
962,Truck29718,799
963,Truck30320,584
964,Truck31512,159
965,Truck28657,1180
966,Truck29383,920
967,Truck31282,240
968,Truck29201,987
969,Truck31350,218
970,Truck31526,159
971,Truck28671,1180
972,Truck29397,920
973,Truck31296,241
974,Truck29215,987
975,Truck30304,597
976,Truck31364,218
977,Truck29054,1044
978,Truck29746,799
979,Truck31540,159
980,Truck28685,1180
981,Truck29411,920
982,Truck31310,240
983,Truck29229,987
984,Truck30318,597
985,Truck31378,218
986,Truck29068,1044
987,Truck29403,924
988,Truck31554,159
989,Truck28699,1180
990,Truck31324,240
991,Truck29243,987
992,Truck30332,597
993,Truck29082,1044
994,Truck29417,924
995,Truck30376,584
996,Truck31568,159
997,Truck28713,1180
998,Truck31338,241
999,Truck30346,597
1000,Truck29431,924
1001,Truck29788,799
1002,Truck28551,1240
1003,Truck28727,1180
1004,Truck29453,920
1005,Truck31352,240
1006,Truck29271,987
1007,Truck30360,597
1008,Truck29110,1044
1009,Truck29802,799
1010,Truck30404,584
1011,Truck28565,1240
1012,Truck28741,1180
1013,Truck29467,920
1014,Truck31366,240
1015,Truck29285,987
1016,Truck29855,783
1017,Truck31434,218
1018,Truck29124,1044
1019,Truck29459,924
1020,Truck29816,799
1021,Truck31610,159
1022,Truck28755,1180
1023,Truck31380,240
1024,Truck30388,597
1025,Truck31448,218
1026,Truck29830,799
1027,Truck28769,1180
1028,Truck29495,920
1029,Truck31394,240
1030,Truck29313,987
1031,Truck30402,597
1032,Truck31462,218
1033,Truck29844,799
1034,Truck30446,584
1035,Truck31638,159
1036,Truck28783,1180
1037,Truck31408,241
1038,Truck29327,987
1039,Truck30416,597
1040,Truck29897,783
1041,Truck29501,924
1042,Truck29858,799
1043,Truck30460,584
1044,Truck28797,1180
1045,Truck29523,920
1046,Truck31422,240
1047,Truck29341,987
1048,Truck29515,924
1049,Truck31666,159
1050,Truck28811,1180
1051,Truck31436,240
1052,Truck29355,987
1053,Truck30444,597
1054,Truck31504,218
1055,Truck29529,924
1056,Truck29886,799
1057,Truck31450,240
1058,Truck30458,597
1059,Truck31518,218
1060,Truck29543,924
1061,Truck29900,799
1062,Truck31694,159
1063,Truck28663,1240
1064,Truck28839,1180
1065,Truck31464,241
1066,Truck30472,597
1067,Truck31532,218
1068,Truck29222,1044
1069,Truck29914,799
1070,Truck28853,1180
1071,Truck31478,240
1072,Truck30486,597
1073,Truck31546,218
1074,Truck29928,799
1075,Truck31722,159
1076,Truck28867,1180
1077,Truck31492,240
1078,Truck30500,597
1079,Truck29585,924
1080,Truck30544,584
1081,Truck31736,159
1082,Truck31506,240
1083,Truck29425,987
1084,Truck30514,597
1085,Truck29264,1044
1086,Truck29599,924
1087,Truck30558,584
1088,Truck31750,159
1089,Truck28895,1180
1090,Truck29621,920
1091,Truck31520,241
1092,Truck29439,987
1093,Truck30528,597
1094,Truck31588,218
1095,Truck29970,799
1096,Truck30572,584
1097,Truck31764,159
1098,Truck28909,1180
1099,Truck31534,241
1100,Truck30542,597
1101,Truck30023,783
1102,Truck31602,218
1103,Truck29292,1044
1104,Truck29984,799
1105,Truck31778,159
1106,Truck28923,1180
1107,Truck29649,920
1108,Truck31548,240
1109,Truck30556,597
1110,Truck29306,1044
1111,Truck29641,924
1112,Truck29998,799
1113,Truck28937,1180
1114,Truck31562,240
1115,Truck29481,987
1116,Truck30570,597
1117,Truck30051,783
1118,Truck31630,218
1119,Truck30012,799
1120,Truck31806,159
1121,Truck28951,1180
1122,Truck29677,920
1123,Truck31576,241
1124,Truck30584,597
1125,Truck31644,218
1126,Truck29334,1044
1127,Truck29669,924
